This file contains any messages produced by compilers while
running configure, to aid debugging if configure makes a mistake.

It was created by bluefish configure 2.2.17, which was
generated by GNU Autoconf 2.71.  Invocation command line was

  $ ./configure

## --------- ##
## Platform. ##
## --------- ##

hostname = DeusExUmbra
uname -m = x86_64
uname -r = 3.6.1-28176974.x86_64
uname -s = MINGW64_NT-10.0-26100
uname -v = 2025-04-20 19:58 UTC

/usr/bin/uname -p = unknown
/bin/uname -X     = unknown

/bin/arch              = x86_64
/usr/bin/arch -k       = unknown
/usr/convex/getsysinfo = unknown
/usr/bin/hostinfo      = unknown
/bin/machine           = unknown
/usr/bin/oslevel       = unknown
/bin/universe          = unknown

PATH: /mingw64/bin/
PATH: /usr/local/bin/
PATH: /usr/bin/
PATH: /bin/
PATH: /c/Windows/System32/
PATH: /c/Windows/
PATH: /c/Windows/System32/Wbem/
PATH: /c/Windows/System32/WindowsPowerShell/v1.0/
PATH: /usr/bin/site_perl/
PATH: /usr/bin/vendor_perl/
PATH: /usr/bin/core_perl/


## ----------- ##
## Core tests. ##
## ----------- ##

configure:2355: loading site script /etc/config.site
| # This file is in public domain.
| # Original author: Karlson2k (Evgeny Grin)
| # Written for MSys2 to help running 'configure' scripts
| 
| # Defaults for MSys2/MinGW64-targeted programs
| 
| # Set proper selfname on bash and fallback to default name on other shells
| test -n "${BASH_SOURCE}" 2>/dev/null && config_site_me="${BASH_SOURCE[0]##*/}" || config_site_me=config.site
| 
| # Set default 'host' to speedup configure
| if test -z "$build_alias"; then
|   build_alias="${MSYSTEM_CHOST}"  && \
|     ${as_echo-echo} "$config_site_me:${as_lineno-$LINENO}: default build_alias set to $build_alias" >&5
| fi
| 
| # Set default 'prefix'
| if ( test -z "$prefix" || test "x$prefix" = "xNONE" ) && \
|     ( test -z "$exec_prefix" || test "x$exec_prefix" = "xNONE" ); then
|   prefix="${MSYSTEM_PREFIX}" && \
|     ${as_echo-echo} "$config_site_me:${as_lineno-$LINENO}: default prefix set to $prefix" >&5
| fi
config.site:13: default build_alias set to x86_64-w64-mingw32
config.site:20: default prefix set to /mingw64
configure:2719: looking for aux files: ltmain.sh ar-lib compile config.rpath config.guess config.sub missing install-sh
configure:2732:  trying ./
configure:2761:   ./ltmain.sh found
configure:2761:   ./ar-lib found
configure:2761:   ./compile found
configure:2761:   ./config.rpath found
configure:2761:   ./config.guess found
configure:2761:   ./config.sub found
configure:2761:   ./missing found
configure:2743:   ./install-sh found
configure:2901: checking for a BSD-compatible install
configure:2974: result: /usr/bin/install -c
configure:2985: checking whether build environment is sane
configure:3040: result: yes
configure:3199: checking for a race-free mkdir -p
configure:3243: result: /usr/bin/mkdir -p
configure:3250: checking for gawk
configure:3271: found /usr/bin/gawk
configure:3282: result: gawk
configure:3293: checking whether make sets $(MAKE)
configure:3316: result: yes
configure:3346: checking whether make supports nested variables
configure:3364: result: yes
configure:3509: checking build system type
configure:3524: result: x86_64-w64-mingw32
configure:3544: checking host system type
configure:3558: result: x86_64-w64-mingw32
configure:3582: checking whether to enable maintainer-specific portions of Makefiles
configure:3592: result: no
configure:3912: checking for a sed that does not truncate output
configure:3982: result: /usr/bin/sed
configure:3988: checking whether NLS is requested
configure:3998: result: yes
configure:4038: checking for msgfmt
configure: trying /mingw64/bin/msgfmt...
0 translated messages.
configure:4071: result: /mingw64/bin/msgfmt
configure:4080: checking for gmsgfmt
configure:4116: result: /mingw64/bin/msgfmt
configure:4161: checking for xgettext
configure: trying /mingw64/bin/xgettext...
C:\msys64\mingw64\bin\xgettext.exe: warning: file 'nul' extension '' is unknown; will try C
configure:4194: result: /mingw64/bin/xgettext
configure:4239: checking for msgmerge
configure: trying /mingw64/bin/msgmerge...
configure:4271: result: /mingw64/bin/msgmerge
configure:4325: checking whether make supports the include directive
configure:4340: make -f confmf.GNU && cat confinc.out
this is the am__doit target
configure:4343: $? = 0
configure:4362: result: yes (GNU style)
configure:4438: checking for gcc
configure:4459: found /mingw64/bin/gcc
configure:4470: result: gcc
configure:4823: checking for C compiler version
configure:4832: gcc --version >&5
gcc.exe (Rev3, Built by MSYS2 project) 14.2.0
Copyright (C) 2024 Free Software Foundation, Inc.
This is free software; see the source for copying conditions.  There is NO
warranty; not even for MERCHANTABILITY or FITNESS FOR A PARTICULAR PURPOSE.

configure:4843: $? = 0
configure:4832: gcc -v >&5
Using built-in specs.
COLLECT_GCC=C:\msys64\mingw64\bin\gcc.exe
COLLECT_LTO_WRAPPER=C:/msys64/mingw64/bin/../lib/gcc/x86_64-w64-mingw32/14.2.0/lto-wrapper.exe
Target: x86_64-w64-mingw32
Configured with: ../gcc-14.2.0/configure --prefix=/mingw64 --with-local-prefix=/mingw64/local --build=x86_64-w64-mingw32 --host=x86_64-w64-mingw32 --target=x86_64-w64-mingw32 --with-native-system-header-dir=/mingw64/include --libexecdir=/mingw64/lib --enable-bootstrap --enable-checking=release --with-arch=nocona --with-tune=generic --enable-mingw-wildcard --enable-languages=c,lto,c++,fortran,ada,objc,obj-c++,rust,jit --enable-shared --enable-static --enable-libatomic --enable-threads=posix --enable-graphite --enable-fully-dynamic-string --enable-libstdcxx-filesystem-ts --enable-libstdcxx-time --disable-libstdcxx-pch --enable-lto --enable-libgomp --disable-libssp --disable-multilib --disable-rpath --disable-win32-registry --disable-nls --disable-werror --disable-symvers --with-libiconv --with-system-zlib --with-gmp=/mingw64 --with-mpfr=/mingw64 --with-mpc=/mingw64 --with-isl=/mingw64 --with-pkgversion='Rev3, Built by MSYS2 project' --with-bugurl=https://github.com/msys2/MINGW-packages/issues --with-gnu-as --with-gnu-ld --disable-libstdcxx-debug --enable-plugin --with-boot-ldflags=-static-libstdc++ --with-stage1-ldflags=-static-libstdc++
Thread model: posix
Supported LTO compression algorithms: zlib zstd
gcc version 14.2.0 (Rev3, Built by MSYS2 project) 
configure:4843: $? = 0
configure:4832: gcc -V >&5
gcc.exe: error: unrecognized command-line option '-V'
gcc.exe: fatal error: no input files
compilation terminated.
configure:4843: $? = 1
configure:4832: gcc -qversion >&5
gcc.exe: error: unrecognized command-line option '-qversion'; did you mean '--version'?
gcc.exe: fatal error: no input files
compilation terminated.
configure:4843: $? = 1
configure:4832: gcc -version >&5
gcc.exe: error: unrecognized command-line option '-version'
gcc.exe: fatal error: no input files
compilation terminated.
configure:4843: $? = 1
configure:4863: checking whether the C compiler works
configure:4885: gcc    conftest.c  >&5
configure:4889: $? = 0
configure:4939: result: yes
configure:4942: checking for C compiler default output file name
configure:4944: result: a.exe
configure:4950: checking for suffix of executables
configure:4957: gcc -o conftest.exe    conftest.c  >&5
configure:4961: $? = 0
configure:4984: result: .exe
configure:5006: checking whether we are cross compiling
configure:5014: gcc -o conftest.exe    conftest.c  >&5
configure:5018: $? = 0
configure:5025: ./conftest.exe
configure:5029: $? = 0
configure:5044: result: no
configure:5049: checking for suffix of object files
configure:5072: gcc -c   conftest.c >&5
configure:5076: $? = 0
configure:5098: result: o
configure:5102: checking whether the compiler supports GNU C
configure:5122: gcc -c   conftest.c >&5
configure:5122: $? = 0
configure:5132: result: yes
configure:5143: checking whether gcc accepts -g
configure:5164: gcc -c -g  conftest.c >&5
configure:5164: $? = 0
configure:5208: result: yes
configure:5228: checking for gcc option to enable C11 features
configure:5243: gcc  -c -g -O2  conftest.c >&5
configure:5243: $? = 0
configure:5261: result: none needed
configure:5377: checking whether gcc understands -c and -o together
configure:5400: gcc -c conftest.c -o conftest2.o
configure:5403: $? = 0
configure:5400: gcc -c conftest.c -o conftest2.o
configure:5403: $? = 0
configure:5415: result: yes
configure:5434: checking dependency style of gcc
configure:5546: result: gcc3
configure:5589: checking for ld used by gcc
configure:5717: result: C:/msys64/mingw64/x86_64-w64-mingw32/bin/ld.exe
configure:5724: checking if the linker (C:/msys64/mingw64/x86_64-w64-mingw32/bin/ld.exe) is GNU ld
configure:5740: result: yes
configure:5748: checking for shared library run path origin
configure:5762: result: done
configure:5784: checking 32-bit host C ABI
configure:5823: gcc -c -g -O2  conftest.c >&5
configure:5823: $? = 0
configure:6019: result: no
configure:6058: checking for the common suffixes of directories in the library search path
configure:6110: result: lib,lib
configure:6604: checking for CFPreferencesCopyAppValue
configure:6623: gcc -o conftest.exe -g -O2   conftest.c  -Wl,-framework -Wl,CoreFoundation >&5
conftest.c:71:10: fatal error: CoreFoundation/CFPreferences.h: No such file or directory
   71 | #include <CoreFoundation/CFPreferences.h>
      |          ^~~~~~~~~~~~~~~~~~~~~~~~~~~~~~~~
compilation terminated.
configure:6623: $? = 1
configure: failed program was:
| /* confdefs.h */
| #define PACKAGE_NAME "bluefish"
| #define PACKAGE_TARNAME "bluefish"
| #define PACKAGE_VERSION "2.2.17"
| #define PACKAGE_STRING "bluefish 2.2.17"
| #define PACKAGE_BUGREPORT "https://sourceforge.net/p/bluefish/tickets/"
| #define PACKAGE_URL ""
| #define CONFIGURE_OPTIONS "./configure  'PKG_CONFIG_PATH=/mingw64/lib/pkgconfig:/mingw64/share/pkgconfig'"
| #define PACKAGE "bluefish"
| #define VERSION "2.2.17"
| #define GETTEXT_PACKAGE "bluefish"
| #define HAVE_LINGUA_AR 1
| #define HAVE_LINGUA_BG 1
| #define HAVE_LINGUA_CA 1
| #define HAVE_LINGUA_CS 1
| #define HAVE_LINGUA_DA 1
| #define HAVE_LINGUA_DE 1
| #define HAVE_LINGUA_EL 1
| #define HAVE_LINGUA_EN 1
| #define HAVE_LINGUA_ES 1
| #define HAVE_LINGUA_EU 1
| #define HAVE_LINGUA_FA 1
| #define HAVE_LINGUA_FI 1
| #define HAVE_LINGUA_FR 1
| #define HAVE_LINGUA_GL 1
| #define HAVE_LINGUA_HU 1
| #define HAVE_LINGUA_IT 1
| #define HAVE_LINGUA_JA 1
| #define HAVE_LINGUA_KO 1
| #define HAVE_LINGUA_NB 1
| #define HAVE_LINGUA_NL 1
| #define HAVE_LINGUA_NN 1
| #define HAVE_LINGUA_PL 1
| #define HAVE_LINGUA_PT 1
| #define HAVE_LINGUA_PT_BR 1
| #define HAVE_LINGUA_RO 1
| #define HAVE_LINGUA_RU 1
| #define HAVE_LINGUA_SK 1
| #define HAVE_LINGUA_SR 1
| #define HAVE_LINGUA_SV 1
| #define HAVE_LINGUA_TA 1
| #define HAVE_LINGUA_TR 1
| #define HAVE_LINGUA_UK 1
| #define HAVE_LINGUA_ZH_CN 1
| #define HAVE_LINGUA_ZH_TW 1
| #define LINGUA_UPTODATE_CA 1
| #define LINGUA_UPTODATE_CS 1
| #define LINGUA_UPTODATE_DA 1
| #define LINGUA_UPTODATE_DE 1
| #define LINGUA_UPTODATE_EN 1
| #define LINGUA_UPTODATE_ES 1
| #define LINGUA_UPTODATE_EU 1
| #define LINGUA_UPTODATE_FA 1
| #define LINGUA_UPTODATE_FR 1
| #define LINGUA_UPTODATE_GL 1
| #define LINGUA_UPTODATE_HU 1
| #define LINGUA_UPTODATE_IT 1
| #define LINGUA_UPTODATE_JA 1
| #define LINGUA_UPTODATE_KO 1
| #define LINGUA_UPTODATE_NB 1
| #define LINGUA_UPTODATE_NL 1
| #define LINGUA_UPTODATE_NN 1
| #define LINGUA_UPTODATE_PL 1
| #define LINGUA_UPTODATE_PT 1
| #define LINGUA_UPTODATE_PT_BR 1
| #define LINGUA_UPTODATE_RU 1
| #define LINGUA_UPTODATE_TR 1
| #define LINGUA_UPTODATE_UK 1
| #define LINGUA_UPTODATE_ZH_CN 1
| /* end confdefs.h.  */
| #include <CoreFoundation/CFPreferences.h>
| int
| main (void)
| {
| CFPreferencesCopyAppValue(NULL, NULL)
|   ;
|   return 0;
| }
configure:6633: result: no
configure:6640: checking for CFLocaleCopyCurrent
configure:6659: gcc -o conftest.exe -g -O2   conftest.c  -Wl,-framework -Wl,CoreFoundation >&5
conftest.c:71:10: fatal error: CoreFoundation/CFLocale.h: No such file or directory
   71 | #include <CoreFoundation/CFLocale.h>
      |          ^~~~~~~~~~~~~~~~~~~~~~~~~~~
compilation terminated.
configure:6659: $? = 1
configure: failed program was:
| /* confdefs.h */
| #define PACKAGE_NAME "bluefish"
| #define PACKAGE_TARNAME "bluefish"
| #define PACKAGE_VERSION "2.2.17"
| #define PACKAGE_STRING "bluefish 2.2.17"
| #define PACKAGE_BUGREPORT "https://sourceforge.net/p/bluefish/tickets/"
| #define PACKAGE_URL ""
| #define CONFIGURE_OPTIONS "./configure  'PKG_CONFIG_PATH=/mingw64/lib/pkgconfig:/mingw64/share/pkgconfig'"
| #define PACKAGE "bluefish"
| #define VERSION "2.2.17"
| #define GETTEXT_PACKAGE "bluefish"
| #define HAVE_LINGUA_AR 1
| #define HAVE_LINGUA_BG 1
| #define HAVE_LINGUA_CA 1
| #define HAVE_LINGUA_CS 1
| #define HAVE_LINGUA_DA 1
| #define HAVE_LINGUA_DE 1
| #define HAVE_LINGUA_EL 1
| #define HAVE_LINGUA_EN 1
| #define HAVE_LINGUA_ES 1
| #define HAVE_LINGUA_EU 1
| #define HAVE_LINGUA_FA 1
| #define HAVE_LINGUA_FI 1
| #define HAVE_LINGUA_FR 1
| #define HAVE_LINGUA_GL 1
| #define HAVE_LINGUA_HU 1
| #define HAVE_LINGUA_IT 1
| #define HAVE_LINGUA_JA 1
| #define HAVE_LINGUA_KO 1
| #define HAVE_LINGUA_NB 1
| #define HAVE_LINGUA_NL 1
| #define HAVE_LINGUA_NN 1
| #define HAVE_LINGUA_PL 1
| #define HAVE_LINGUA_PT 1
| #define HAVE_LINGUA_PT_BR 1
| #define HAVE_LINGUA_RO 1
| #define HAVE_LINGUA_RU 1
| #define HAVE_LINGUA_SK 1
| #define HAVE_LINGUA_SR 1
| #define HAVE_LINGUA_SV 1
| #define HAVE_LINGUA_TA 1
| #define HAVE_LINGUA_TR 1
| #define HAVE_LINGUA_UK 1
| #define HAVE_LINGUA_ZH_CN 1
| #define HAVE_LINGUA_ZH_TW 1
| #define LINGUA_UPTODATE_CA 1
| #define LINGUA_UPTODATE_CS 1
| #define LINGUA_UPTODATE_DA 1
| #define LINGUA_UPTODATE_DE 1
| #define LINGUA_UPTODATE_EN 1
| #define LINGUA_UPTODATE_ES 1
| #define LINGUA_UPTODATE_EU 1
| #define LINGUA_UPTODATE_FA 1
| #define LINGUA_UPTODATE_FR 1
| #define LINGUA_UPTODATE_GL 1
| #define LINGUA_UPTODATE_HU 1
| #define LINGUA_UPTODATE_IT 1
| #define LINGUA_UPTODATE_JA 1
| #define LINGUA_UPTODATE_KO 1
| #define LINGUA_UPTODATE_NB 1
| #define LINGUA_UPTODATE_NL 1
| #define LINGUA_UPTODATE_NN 1
| #define LINGUA_UPTODATE_PL 1
| #define LINGUA_UPTODATE_PT 1
| #define LINGUA_UPTODATE_PT_BR 1
| #define LINGUA_UPTODATE_RU 1
| #define LINGUA_UPTODATE_TR 1
| #define LINGUA_UPTODATE_UK 1
| #define LINGUA_UPTODATE_ZH_CN 1
| /* end confdefs.h.  */
| #include <CoreFoundation/CFLocale.h>
| int
| main (void)
| {
| CFLocaleCopyCurrent();
|   ;
|   return 0;
| }
configure:6669: result: no
configure:6676: checking for CFLocaleCopyPreferredLanguages
configure:6695: gcc -o conftest.exe -g -O2   conftest.c  -Wl,-framework -Wl,CoreFoundation >&5
conftest.c:71:10: fatal error: CoreFoundation/CFLocale.h: No such file or directory
   71 | #include <CoreFoundation/CFLocale.h>
      |          ^~~~~~~~~~~~~~~~~~~~~~~~~~~
compilation terminated.
configure:6695: $? = 1
configure: failed program was:
| /* confdefs.h */
| #define PACKAGE_NAME "bluefish"
| #define PACKAGE_TARNAME "bluefish"
| #define PACKAGE_VERSION "2.2.17"
| #define PACKAGE_STRING "bluefish 2.2.17"
| #define PACKAGE_BUGREPORT "https://sourceforge.net/p/bluefish/tickets/"
| #define PACKAGE_URL ""
| #define CONFIGURE_OPTIONS "./configure  'PKG_CONFIG_PATH=/mingw64/lib/pkgconfig:/mingw64/share/pkgconfig'"
| #define PACKAGE "bluefish"
| #define VERSION "2.2.17"
| #define GETTEXT_PACKAGE "bluefish"
| #define HAVE_LINGUA_AR 1
| #define HAVE_LINGUA_BG 1
| #define HAVE_LINGUA_CA 1
| #define HAVE_LINGUA_CS 1
| #define HAVE_LINGUA_DA 1
| #define HAVE_LINGUA_DE 1
| #define HAVE_LINGUA_EL 1
| #define HAVE_LINGUA_EN 1
| #define HAVE_LINGUA_ES 1
| #define HAVE_LINGUA_EU 1
| #define HAVE_LINGUA_FA 1
| #define HAVE_LINGUA_FI 1
| #define HAVE_LINGUA_FR 1
| #define HAVE_LINGUA_GL 1
| #define HAVE_LINGUA_HU 1
| #define HAVE_LINGUA_IT 1
| #define HAVE_LINGUA_JA 1
| #define HAVE_LINGUA_KO 1
| #define HAVE_LINGUA_NB 1
| #define HAVE_LINGUA_NL 1
| #define HAVE_LINGUA_NN 1
| #define HAVE_LINGUA_PL 1
| #define HAVE_LINGUA_PT 1
| #define HAVE_LINGUA_PT_BR 1
| #define HAVE_LINGUA_RO 1
| #define HAVE_LINGUA_RU 1
| #define HAVE_LINGUA_SK 1
| #define HAVE_LINGUA_SR 1
| #define HAVE_LINGUA_SV 1
| #define HAVE_LINGUA_TA 1
| #define HAVE_LINGUA_TR 1
| #define HAVE_LINGUA_UK 1
| #define HAVE_LINGUA_ZH_CN 1
| #define HAVE_LINGUA_ZH_TW 1
| #define LINGUA_UPTODATE_CA 1
| #define LINGUA_UPTODATE_CS 1
| #define LINGUA_UPTODATE_DA 1
| #define LINGUA_UPTODATE_DE 1
| #define LINGUA_UPTODATE_EN 1
| #define LINGUA_UPTODATE_ES 1
| #define LINGUA_UPTODATE_EU 1
| #define LINGUA_UPTODATE_FA 1
| #define LINGUA_UPTODATE_FR 1
| #define LINGUA_UPTODATE_GL 1
| #define LINGUA_UPTODATE_HU 1
| #define LINGUA_UPTODATE_IT 1
| #define LINGUA_UPTODATE_JA 1
| #define LINGUA_UPTODATE_KO 1
| #define LINGUA_UPTODATE_NB 1
| #define LINGUA_UPTODATE_NL 1
| #define LINGUA_UPTODATE_NN 1
| #define LINGUA_UPTODATE_PL 1
| #define LINGUA_UPTODATE_PT 1
| #define LINGUA_UPTODATE_PT_BR 1
| #define LINGUA_UPTODATE_RU 1
| #define LINGUA_UPTODATE_TR 1
| #define LINGUA_UPTODATE_UK 1
| #define LINGUA_UPTODATE_ZH_CN 1
| /* end confdefs.h.  */
| #include <CoreFoundation/CFLocale.h>
| int
| main (void)
| {
| CFLocaleCopyPreferredLanguages();
|   ;
|   return 0;
| }
configure:6705: result: no
configure:6756: checking for GNU gettext in libc
configure:6786: gcc -o conftest.exe -g -O2   conftest.c  >&5
C:/msys64/mingw64/bin/../lib/gcc/x86_64-w64-mingw32/14.2.0/../../../../x86_64-w64-mingw32/bin/ld.exe: C:\msys64\tmp\ccssrR9e.o: in function `main':
C:/Users/yang_/Desktop/Proyecto Calidad Software/bluefish-2.2.17-extended/conftest.c:86:(.text.startup+0x18): undefined reference to `libintl_bindtextdomain'
C:/msys64/mingw64/bin/../lib/gcc/x86_64-w64-mingw32/14.2.0/../../../../x86_64-w64-mingw32/bin/ld.exe: C:/Users/yang_/Desktop/Proyecto Calidad Software/bluefish-2.2.17-extended/conftest.c:87:(.text.startup+0x20): undefined reference to `libintl_gettext'
collect2.exe: error: ld returned 1 exit status
configure:6786: $? = 1
configure: failed program was:
| /* confdefs.h */
| #define PACKAGE_NAME "bluefish"
| #define PACKAGE_TARNAME "bluefish"
| #define PACKAGE_VERSION "2.2.17"
| #define PACKAGE_STRING "bluefish 2.2.17"
| #define PACKAGE_BUGREPORT "https://sourceforge.net/p/bluefish/tickets/"
| #define PACKAGE_URL ""
| #define CONFIGURE_OPTIONS "./configure  'PKG_CONFIG_PATH=/mingw64/lib/pkgconfig:/mingw64/share/pkgconfig'"
| #define PACKAGE "bluefish"
| #define VERSION "2.2.17"
| #define GETTEXT_PACKAGE "bluefish"
| #define HAVE_LINGUA_AR 1
| #define HAVE_LINGUA_BG 1
| #define HAVE_LINGUA_CA 1
| #define HAVE_LINGUA_CS 1
| #define HAVE_LINGUA_DA 1
| #define HAVE_LINGUA_DE 1
| #define HAVE_LINGUA_EL 1
| #define HAVE_LINGUA_EN 1
| #define HAVE_LINGUA_ES 1
| #define HAVE_LINGUA_EU 1
| #define HAVE_LINGUA_FA 1
| #define HAVE_LINGUA_FI 1
| #define HAVE_LINGUA_FR 1
| #define HAVE_LINGUA_GL 1
| #define HAVE_LINGUA_HU 1
| #define HAVE_LINGUA_IT 1
| #define HAVE_LINGUA_JA 1
| #define HAVE_LINGUA_KO 1
| #define HAVE_LINGUA_NB 1
| #define HAVE_LINGUA_NL 1
| #define HAVE_LINGUA_NN 1
| #define HAVE_LINGUA_PL 1
| #define HAVE_LINGUA_PT 1
| #define HAVE_LINGUA_PT_BR 1
| #define HAVE_LINGUA_RO 1
| #define HAVE_LINGUA_RU 1
| #define HAVE_LINGUA_SK 1
| #define HAVE_LINGUA_SR 1
| #define HAVE_LINGUA_SV 1
| #define HAVE_LINGUA_TA 1
| #define HAVE_LINGUA_TR 1
| #define HAVE_LINGUA_UK 1
| #define HAVE_LINGUA_ZH_CN 1
| #define HAVE_LINGUA_ZH_TW 1
| #define LINGUA_UPTODATE_CA 1
| #define LINGUA_UPTODATE_CS 1
| #define LINGUA_UPTODATE_DA 1
| #define LINGUA_UPTODATE_DE 1
| #define LINGUA_UPTODATE_EN 1
| #define LINGUA_UPTODATE_ES 1
| #define LINGUA_UPTODATE_EU 1
| #define LINGUA_UPTODATE_FA 1
| #define LINGUA_UPTODATE_FR 1
| #define LINGUA_UPTODATE_GL 1
| #define LINGUA_UPTODATE_HU 1
| #define LINGUA_UPTODATE_IT 1
| #define LINGUA_UPTODATE_JA 1
| #define LINGUA_UPTODATE_KO 1
| #define LINGUA_UPTODATE_NB 1
| #define LINGUA_UPTODATE_NL 1
| #define LINGUA_UPTODATE_NN 1
| #define LINGUA_UPTODATE_PL 1
| #define LINGUA_UPTODATE_PT 1
| #define LINGUA_UPTODATE_PT_BR 1
| #define LINGUA_UPTODATE_RU 1
| #define LINGUA_UPTODATE_TR 1
| #define LINGUA_UPTODATE_UK 1
| #define LINGUA_UPTODATE_ZH_CN 1
| /* end confdefs.h.  */
| 
| #include <libintl.h>
| #ifndef __GNU_GETTEXT_SUPPORTED_REVISION
| extern int _nl_msg_cat_cntr;
| extern int *_nl_domain_bindings;
| #define __GNU_GETTEXT_SYMBOL_EXPRESSION (_nl_msg_cat_cntr + *_nl_domain_bindings)
| #else
| #define __GNU_GETTEXT_SYMBOL_EXPRESSION 0
| #endif
| 
| 
| int
| main (void)
| {
| 
| bindtextdomain ("", "");
| return * gettext ("") + __GNU_GETTEXT_SYMBOL_EXPRESSION
| 
|   ;
|   return 0;
| }
configure:6796: result: no
configure:6830: checking for iconv
configure:6855: gcc -o conftest.exe -g -O2 -I/mingw64/include  conftest.c  >&5
C:/msys64/mingw64/bin/../lib/gcc/x86_64-w64-mingw32/14.2.0/../../../../x86_64-w64-mingw32/bin/ld.exe: C:\msys64\tmp\ccGe54AN.o: in function `main':
C:/Users/yang_/Desktop/Proyecto Calidad Software/bluefish-2.2.17-extended/conftest.c:78:(.text.startup+0x15): undefined reference to `libiconv_open'
C:/msys64/mingw64/bin/../lib/gcc/x86_64-w64-mingw32/14.2.0/../../../../x86_64-w64-mingw32/bin/ld.exe: C:/Users/yang_/Desktop/Proyecto Calidad Software/bluefish-2.2.17-extended/conftest.c:79:(.text.startup+0x31): undefined reference to `libiconv'
C:/msys64/mingw64/bin/../lib/gcc/x86_64-w64-mingw32/14.2.0/../../../../x86_64-w64-mingw32/bin/ld.exe: C:/Users/yang_/Desktop/Proyecto Calidad Software/bluefish-2.2.17-extended/conftest.c:80:(.text.startup+0x39): undefined reference to `libiconv_close'
collect2.exe: error: ld returned 1 exit status
configure:6855: $? = 1
configure: failed program was:
| /* confdefs.h */
| #define PACKAGE_NAME "bluefish"
| #define PACKAGE_TARNAME "bluefish"
| #define PACKAGE_VERSION "2.2.17"
| #define PACKAGE_STRING "bluefish 2.2.17"
| #define PACKAGE_BUGREPORT "https://sourceforge.net/p/bluefish/tickets/"
| #define PACKAGE_URL ""
| #define CONFIGURE_OPTIONS "./configure  'PKG_CONFIG_PATH=/mingw64/lib/pkgconfig:/mingw64/share/pkgconfig'"
| #define PACKAGE "bluefish"
| #define VERSION "2.2.17"
| #define GETTEXT_PACKAGE "bluefish"
| #define HAVE_LINGUA_AR 1
| #define HAVE_LINGUA_BG 1
| #define HAVE_LINGUA_CA 1
| #define HAVE_LINGUA_CS 1
| #define HAVE_LINGUA_DA 1
| #define HAVE_LINGUA_DE 1
| #define HAVE_LINGUA_EL 1
| #define HAVE_LINGUA_EN 1
| #define HAVE_LINGUA_ES 1
| #define HAVE_LINGUA_EU 1
| #define HAVE_LINGUA_FA 1
| #define HAVE_LINGUA_FI 1
| #define HAVE_LINGUA_FR 1
| #define HAVE_LINGUA_GL 1
| #define HAVE_LINGUA_HU 1
| #define HAVE_LINGUA_IT 1
| #define HAVE_LINGUA_JA 1
| #define HAVE_LINGUA_KO 1
| #define HAVE_LINGUA_NB 1
| #define HAVE_LINGUA_NL 1
| #define HAVE_LINGUA_NN 1
| #define HAVE_LINGUA_PL 1
| #define HAVE_LINGUA_PT 1
| #define HAVE_LINGUA_PT_BR 1
| #define HAVE_LINGUA_RO 1
| #define HAVE_LINGUA_RU 1
| #define HAVE_LINGUA_SK 1
| #define HAVE_LINGUA_SR 1
| #define HAVE_LINGUA_SV 1
| #define HAVE_LINGUA_TA 1
| #define HAVE_LINGUA_TR 1
| #define HAVE_LINGUA_UK 1
| #define HAVE_LINGUA_ZH_CN 1
| #define HAVE_LINGUA_ZH_TW 1
| #define LINGUA_UPTODATE_CA 1
| #define LINGUA_UPTODATE_CS 1
| #define LINGUA_UPTODATE_DA 1
| #define LINGUA_UPTODATE_DE 1
| #define LINGUA_UPTODATE_EN 1
| #define LINGUA_UPTODATE_ES 1
| #define LINGUA_UPTODATE_EU 1
| #define LINGUA_UPTODATE_FA 1
| #define LINGUA_UPTODATE_FR 1
| #define LINGUA_UPTODATE_GL 1
| #define LINGUA_UPTODATE_HU 1
| #define LINGUA_UPTODATE_IT 1
| #define LINGUA_UPTODATE_JA 1
| #define LINGUA_UPTODATE_KO 1
| #define LINGUA_UPTODATE_NB 1
| #define LINGUA_UPTODATE_NL 1
| #define LINGUA_UPTODATE_NN 1
| #define LINGUA_UPTODATE_PL 1
| #define LINGUA_UPTODATE_PT 1
| #define LINGUA_UPTODATE_PT_BR 1
| #define LINGUA_UPTODATE_RU 1
| #define LINGUA_UPTODATE_TR 1
| #define LINGUA_UPTODATE_UK 1
| #define LINGUA_UPTODATE_ZH_CN 1
| /* end confdefs.h.  */
| 
| #include <stdlib.h>
| #include <iconv.h>
| 
| int
| main (void)
| {
| iconv_t cd = iconv_open("","");
|            iconv(cd,NULL,NULL,NULL,NULL);
|            iconv_close(cd);
|   ;
|   return 0;
| }
configure:6880: gcc -o conftest.exe -g -O2 -I/mingw64/include  conftest.c  /mingw64/lib/libiconv.dll.a -L/mingw64/lib >&5
configure:6880: $? = 0
configure:6891: result: yes
configure:6894: checking for working iconv
configure:7037: gcc -o conftest.exe -g -O2 -I/mingw64/include  conftest.c  /mingw64/lib/libiconv.dll.a -L/mingw64/lib >&5
configure:7037: $? = 0
configure:7037: ./conftest.exe
configure:7037: $? = 0
configure:7050: result: yes
configure:7065: checking how to link with libiconv
configure:7067: result: /mingw64/lib/libiconv.dll.a -L/mingw64/lib
configure:7538: checking for GNU gettext in libintl
configure:7576: gcc -o conftest.exe -g -O2 -I/mingw64/include   conftest.c  /mingw64/lib/libintl.dll.a -L/mingw64/lib >&5
configure:7576: $? = 0
configure:7628: result: yes
configure:7663: checking whether to use NLS
configure:7665: result: yes
configure:7668: checking where the gettext function comes from
configure:7679: result: external libintl
configure:7687: checking how to link with libintl
configure:7689: result: /mingw64/lib/libintl.dll.a -L/mingw64/lib
configure:7793: checking for gcc
configure:7825: result: gcc
configure:8178: checking for C compiler version
configure:8187: gcc --version >&5
gcc.exe (Rev3, Built by MSYS2 project) 14.2.0
Copyright (C) 2024 Free Software Foundation, Inc.
This is free software; see the source for copying conditions.  There is NO
warranty; not even for MERCHANTABILITY or FITNESS FOR A PARTICULAR PURPOSE.

configure:8198: $? = 0
configure:8187: gcc -v >&5
Using built-in specs.
COLLECT_GCC=C:\msys64\mingw64\bin\gcc.exe
COLLECT_LTO_WRAPPER=C:/msys64/mingw64/bin/../lib/gcc/x86_64-w64-mingw32/14.2.0/lto-wrapper.exe
Target: x86_64-w64-mingw32
Configured with: ../gcc-14.2.0/configure --prefix=/mingw64 --with-local-prefix=/mingw64/local --build=x86_64-w64-mingw32 --host=x86_64-w64-mingw32 --target=x86_64-w64-mingw32 --with-native-system-header-dir=/mingw64/include --libexecdir=/mingw64/lib --enable-bootstrap --enable-checking=release --with-arch=nocona --with-tune=generic --enable-mingw-wildcard --enable-languages=c,lto,c++,fortran,ada,objc,obj-c++,rust,jit --enable-shared --enable-static --enable-libatomic --enable-threads=posix --enable-graphite --enable-fully-dynamic-string --enable-libstdcxx-filesystem-ts --enable-libstdcxx-time --disable-libstdcxx-pch --enable-lto --enable-libgomp --disable-libssp --disable-multilib --disable-rpath --disable-win32-registry --disable-nls --disable-werror --disable-symvers --with-libiconv --with-system-zlib --with-gmp=/mingw64 --with-mpfr=/mingw64 --with-mpc=/mingw64 --with-isl=/mingw64 --with-pkgversion='Rev3, Built by MSYS2 project' --with-bugurl=https://github.com/msys2/MINGW-packages/issues --with-gnu-as --with-gnu-ld --disable-libstdcxx-debug --enable-plugin --with-boot-ldflags=-static-libstdc++ --with-stage1-ldflags=-static-libstdc++
Thread model: posix
Supported LTO compression algorithms: zlib zstd
gcc version 14.2.0 (Rev3, Built by MSYS2 project) 
configure:8198: $? = 0
configure:8187: gcc -V >&5
gcc.exe: error: unrecognized command-line option '-V'
gcc.exe: fatal error: no input files
compilation terminated.
configure:8198: $? = 1
configure:8187: gcc -qversion >&5
gcc.exe: error: unrecognized command-line option '-qversion'; did you mean '--version'?
gcc.exe: fatal error: no input files
compilation terminated.
configure:8198: $? = 1
configure:8187: gcc -version >&5
gcc.exe: error: unrecognized command-line option '-version'
gcc.exe: fatal error: no input files
compilation terminated.
configure:8198: $? = 1
configure:8202: checking whether the compiler supports GNU C
configure:8232: result: yes
configure:8243: checking whether gcc accepts -g
configure:8308: result: yes
configure:8328: checking for gcc option to enable C11 features
configure:8361: result: none needed
configure:8477: checking whether gcc understands -c and -o together
configure:8515: result: yes
configure:8534: checking dependency style of gcc
configure:8646: result: gcc3
configure:8716: checking for ar
configure:8737: found /mingw64/bin/ar
configure:8748: result: ar
configure:8774: checking the archiver (ar) interface
configure:8791: gcc -c -g -O2 -I/mingw64/include conftest.c >&5
configure:8791: $? = 0
configure:8794: ar cru libconftest.a conftest.o >&5
C:\msys64\mingw64\bin\ar.exe: `u' modifier ignored since `D' is the default (see `U')
configure:8797: $? = 0
configure:8825: result: ar
configure:8848: WARNING: Libtool does not cope well with whitespace in `pwd`
configure:8893: checking how to print strings
configure:8920: result: printf
configure:8941: checking for a sed that does not truncate output
configure:9011: result: /usr/bin/sed
configure:9029: checking for grep that handles long lines and -e
configure:9093: result: /usr/bin/grep
configure:9098: checking for egrep
configure:9166: result: /usr/bin/grep -E
configure:9171: checking for fgrep
configure:9239: result: /usr/bin/grep -F
configure:9275: checking for ld used by gcc
configure:9343: result: C:/msys64/mingw64/x86_64-w64-mingw32/bin/ld.exe
configure:9350: checking if the linker (C:/msys64/mingw64/x86_64-w64-mingw32/bin/ld.exe) is GNU ld
configure:9366: result: yes
configure:9378: checking for BSD- or MS-compatible name lister (nm)
configure:9433: result: /mingw64/bin/nm -B
configure:9573: checking the name lister (/mingw64/bin/nm -B) interface
configure:9581: gcc -c -g -O2 -I/mingw64/include conftest.c >&5
configure:9584: /mingw64/bin/nm -B "conftest.o"
configure:9587: output
0000000000000000 b .bss
0000000000000000 d .data
0000000000000000 N .debug_abbrev
0000000000000000 N .debug_aranges
0000000000000000 N .debug_info
0000000000000000 N .debug_line
0000000000000000 N .debug_line_str
0000000000000000 r .rdata$zzz
0000000000000000 t .text
0000000000000000 B some_variable
configure:9594: result: BSD nm
configure:9597: checking whether ln -s works
configure:9604: result: no, using cp -pR
configure:9609: checking the maximum length of command line arguments
configure:9741: result: 8192
configure:9789: checking how to convert x86_64-w64-mingw32 file names to x86_64-w64-mingw32 format
configure:9830: result: func_convert_file_msys_to_w32
configure:9837: checking how to convert x86_64-w64-mingw32 file names to toolchain format
configure:9858: result: func_convert_file_msys_to_w32
configure:9865: checking for C:/msys64/mingw64/x86_64-w64-mingw32/bin/ld.exe option to reload object files
configure:9873: result: -r
configure:9906: checking for file
configure:9927: found /usr/bin/file
configure:9939: result: file
configure:10001: checking for objdump
configure:10022: found /mingw64/bin/objdump
configure:10033: result: objdump
configure:10062: checking how to recognize dependent libraries
configure:10270: result: file_magic ^x86 archive import|^x86 DLL
configure:10360: checking for dlltool
configure:10381: found /mingw64/bin/dlltool
configure:10392: result: dlltool
configure:10422: checking how to associate runtime and link libraries
configure:10450: result: func_cygming_dll_for_implib
configure:10509: checking for ranlib
configure:10530: found /mingw64/bin/ranlib
configure:10541: result: ranlib
configure:10702: checking for archiver @FILE support
configure:10720: gcc -c -g -O2 -I/mingw64/include conftest.c >&5
configure:10720: $? = 0
configure:10724: ar cr libconftest.a @conftest.lst >&5
configure:10727: $? = 0
configure:10732: ar cr libconftest.a @conftest.lst >&5
C:\msys64\mingw64\bin\ar.exe: conftest.o: No such file or directory
configure:10735: $? = 1
configure:10747: result: @
configure:10810: checking for strip
configure:10831: found /mingw64/bin/strip
configure:10842: result: strip
configure:10945: checking command to parse /mingw64/bin/nm -B output from gcc object
configure:11099: gcc -c -g -O2 -I/mingw64/include conftest.c >&5
configure:11102: $? = 0
configure:11106: /mingw64/bin/nm -B conftest.o | /usr/bin/sed -n -e 's/^.*[	 ]\([ABCDGIRSTW][ABCDGIRSTW]*\)[	 ][	 ]*\([_A-Za-z][_A-Za-z0-9]*\)\{0,1\}$/\1 \2 \2/p' | /usr/bin/sed '/ __gnu_lto/d' > conftest.nm
configure:11172: gcc -o conftest.exe -g -O2 -I/mingw64/include  conftest.c conftstm.o >&5
configure:11175: $? = 0
configure:11213: result: ok
configure:11260: checking for sysroot
configure:11293: result: no
configure:11300: checking for a working dd
configure:11344: result: /usr/bin/dd
configure:11348: checking how to truncate binary pipes
configure:11364: result: /usr/bin/dd bs=4096 count=1
configure:11701: checking for mt
configure:11736: result: no
configure:11756: checking if : is a manifest tool
configure:11763: : '-?'
configure:11771: result: no
configure:12552: checking for stdio.h
configure:12552: gcc -c -g -O2 -I/mingw64/include conftest.c >&5
configure:12552: $? = 0
configure:12552: result: yes
configure:12552: checking for stdlib.h
configure:12552: gcc -c -g -O2 -I/mingw64/include conftest.c >&5
configure:12552: $? = 0
configure:12552: result: yes
configure:12552: checking for string.h
configure:12552: gcc -c -g -O2 -I/mingw64/include conftest.c >&5
configure:12552: $? = 0
configure:12552: result: yes
configure:12552: checking for inttypes.h
configure:12552: gcc -c -g -O2 -I/mingw64/include conftest.c >&5
configure:12552: $? = 0
configure:12552: result: yes
configure:12552: checking for stdint.h
configure:12552: gcc -c -g -O2 -I/mingw64/include conftest.c >&5
configure:12552: $? = 0
configure:12552: result: yes
configure:12552: checking for strings.h
configure:12552: gcc -c -g -O2 -I/mingw64/include conftest.c >&5
configure:12552: $? = 0
configure:12552: result: yes
configure:12552: checking for sys/stat.h
configure:12552: gcc -c -g -O2 -I/mingw64/include conftest.c >&5
configure:12552: $? = 0
configure:12552: result: yes
configure:12552: checking for sys/types.h
configure:12552: gcc -c -g -O2 -I/mingw64/include conftest.c >&5
configure:12552: $? = 0
configure:12552: result: yes
configure:12552: checking for unistd.h
configure:12552: gcc -c -g -O2 -I/mingw64/include conftest.c >&5
configure:12552: $? = 0
configure:12552: result: yes
configure:12552: checking for sys/select.h
configure:12552: gcc -c -g -O2 -I/mingw64/include conftest.c >&5
conftest.c:112:10: fatal error: sys/select.h: No such file or directory
  112 | #include <sys/select.h>
      |          ^~~~~~~~~~~~~~
compilation terminated.
configure:12552: $? = 1
configure: failed program was:
| /* confdefs.h */
| #define PACKAGE_NAME "bluefish"
| #define PACKAGE_TARNAME "bluefish"
| #define PACKAGE_VERSION "2.2.17"
| #define PACKAGE_STRING "bluefish 2.2.17"
| #define PACKAGE_BUGREPORT "https://sourceforge.net/p/bluefish/tickets/"
| #define PACKAGE_URL ""
| #define CONFIGURE_OPTIONS "./configure  'PKG_CONFIG_PATH=/mingw64/lib/pkgconfig:/mingw64/share/pkgconfig'"
| #define PACKAGE "bluefish"
| #define VERSION "2.2.17"
| #define GETTEXT_PACKAGE "bluefish"
| #define HAVE_LINGUA_AR 1
| #define HAVE_LINGUA_BG 1
| #define HAVE_LINGUA_CA 1
| #define HAVE_LINGUA_CS 1
| #define HAVE_LINGUA_DA 1
| #define HAVE_LINGUA_DE 1
| #define HAVE_LINGUA_EL 1
| #define HAVE_LINGUA_EN 1
| #define HAVE_LINGUA_ES 1
| #define HAVE_LINGUA_EU 1
| #define HAVE_LINGUA_FA 1
| #define HAVE_LINGUA_FI 1
| #define HAVE_LINGUA_FR 1
| #define HAVE_LINGUA_GL 1
| #define HAVE_LINGUA_HU 1
| #define HAVE_LINGUA_IT 1
| #define HAVE_LINGUA_JA 1
| #define HAVE_LINGUA_KO 1
| #define HAVE_LINGUA_NB 1
| #define HAVE_LINGUA_NL 1
| #define HAVE_LINGUA_NN 1
| #define HAVE_LINGUA_PL 1
| #define HAVE_LINGUA_PT 1
| #define HAVE_LINGUA_PT_BR 1
| #define HAVE_LINGUA_RO 1
| #define HAVE_LINGUA_RU 1
| #define HAVE_LINGUA_SK 1
| #define HAVE_LINGUA_SR 1
| #define HAVE_LINGUA_SV 1
| #define HAVE_LINGUA_TA 1
| #define HAVE_LINGUA_TR 1
| #define HAVE_LINGUA_UK 1
| #define HAVE_LINGUA_ZH_CN 1
| #define HAVE_LINGUA_ZH_TW 1
| #define LINGUA_UPTODATE_CA 1
| #define LINGUA_UPTODATE_CS 1
| #define LINGUA_UPTODATE_DA 1
| #define LINGUA_UPTODATE_DE 1
| #define LINGUA_UPTODATE_EN 1
| #define LINGUA_UPTODATE_ES 1
| #define LINGUA_UPTODATE_EU 1
| #define LINGUA_UPTODATE_FA 1
| #define LINGUA_UPTODATE_FR 1
| #define LINGUA_UPTODATE_GL 1
| #define LINGUA_UPTODATE_HU 1
| #define LINGUA_UPTODATE_IT 1
| #define LINGUA_UPTODATE_JA 1
| #define LINGUA_UPTODATE_KO 1
| #define LINGUA_UPTODATE_NB 1
| #define LINGUA_UPTODATE_NL 1
| #define LINGUA_UPTODATE_NN 1
| #define LINGUA_UPTODATE_PL 1
| #define LINGUA_UPTODATE_PT 1
| #define LINGUA_UPTODATE_PT_BR 1
| #define LINGUA_UPTODATE_RU 1
| #define LINGUA_UPTODATE_TR 1
| #define LINGUA_UPTODATE_UK 1
| #define LINGUA_UPTODATE_ZH_CN 1
| #define HAVE_ICONV 1
| #define ENABLE_NLS 1
| #define HAVE_GETTEXT 1
| #define HAVE_DCGETTEXT 1
| #define HAVE_STDIO_H 1
| #define HAVE_STDLIB_H 1
| #define HAVE_STRING_H 1
| #define HAVE_INTTYPES_H 1
| #define HAVE_STDINT_H 1
| #define HAVE_STRINGS_H 1
| #define HAVE_SYS_STAT_H 1
| #define HAVE_SYS_TYPES_H 1
| #define HAVE_UNISTD_H 1
| /* end confdefs.h.  */
| #include <stddef.h>
| #ifdef HAVE_STDIO_H
| # include <stdio.h>
| #endif
| #ifdef HAVE_STDLIB_H
| # include <stdlib.h>
| #endif
| #ifdef HAVE_STRING_H
| # include <string.h>
| #endif
| #ifdef HAVE_INTTYPES_H
| # include <inttypes.h>
| #endif
| #ifdef HAVE_STDINT_H
| # include <stdint.h>
| #endif
| #ifdef HAVE_STRINGS_H
| # include <strings.h>
| #endif
| #ifdef HAVE_SYS_TYPES_H
| # include <sys/types.h>
| #endif
| #ifdef HAVE_SYS_STAT_H
| # include <sys/stat.h>
| #endif
| #ifdef HAVE_UNISTD_H
| # include <unistd.h>
| #endif
| #include <sys/select.h>
configure:12552: result: no
configure:12552: checking for sys/socket.h
configure:12552: gcc -c -g -O2 -I/mingw64/include conftest.c >&5
conftest.c:112:10: fatal error: sys/socket.h: No such file or directory
  112 | #include <sys/socket.h>
      |          ^~~~~~~~~~~~~~
compilation terminated.
configure:12552: $? = 1
configure: failed program was:
| /* confdefs.h */
| #define PACKAGE_NAME "bluefish"
| #define PACKAGE_TARNAME "bluefish"
| #define PACKAGE_VERSION "2.2.17"
| #define PACKAGE_STRING "bluefish 2.2.17"
| #define PACKAGE_BUGREPORT "https://sourceforge.net/p/bluefish/tickets/"
| #define PACKAGE_URL ""
| #define CONFIGURE_OPTIONS "./configure  'PKG_CONFIG_PATH=/mingw64/lib/pkgconfig:/mingw64/share/pkgconfig'"
| #define PACKAGE "bluefish"
| #define VERSION "2.2.17"
| #define GETTEXT_PACKAGE "bluefish"
| #define HAVE_LINGUA_AR 1
| #define HAVE_LINGUA_BG 1
| #define HAVE_LINGUA_CA 1
| #define HAVE_LINGUA_CS 1
| #define HAVE_LINGUA_DA 1
| #define HAVE_LINGUA_DE 1
| #define HAVE_LINGUA_EL 1
| #define HAVE_LINGUA_EN 1
| #define HAVE_LINGUA_ES 1
| #define HAVE_LINGUA_EU 1
| #define HAVE_LINGUA_FA 1
| #define HAVE_LINGUA_FI 1
| #define HAVE_LINGUA_FR 1
| #define HAVE_LINGUA_GL 1
| #define HAVE_LINGUA_HU 1
| #define HAVE_LINGUA_IT 1
| #define HAVE_LINGUA_JA 1
| #define HAVE_LINGUA_KO 1
| #define HAVE_LINGUA_NB 1
| #define HAVE_LINGUA_NL 1
| #define HAVE_LINGUA_NN 1
| #define HAVE_LINGUA_PL 1
| #define HAVE_LINGUA_PT 1
| #define HAVE_LINGUA_PT_BR 1
| #define HAVE_LINGUA_RO 1
| #define HAVE_LINGUA_RU 1
| #define HAVE_LINGUA_SK 1
| #define HAVE_LINGUA_SR 1
| #define HAVE_LINGUA_SV 1
| #define HAVE_LINGUA_TA 1
| #define HAVE_LINGUA_TR 1
| #define HAVE_LINGUA_UK 1
| #define HAVE_LINGUA_ZH_CN 1
| #define HAVE_LINGUA_ZH_TW 1
| #define LINGUA_UPTODATE_CA 1
| #define LINGUA_UPTODATE_CS 1
| #define LINGUA_UPTODATE_DA 1
| #define LINGUA_UPTODATE_DE 1
| #define LINGUA_UPTODATE_EN 1
| #define LINGUA_UPTODATE_ES 1
| #define LINGUA_UPTODATE_EU 1
| #define LINGUA_UPTODATE_FA 1
| #define LINGUA_UPTODATE_FR 1
| #define LINGUA_UPTODATE_GL 1
| #define LINGUA_UPTODATE_HU 1
| #define LINGUA_UPTODATE_IT 1
| #define LINGUA_UPTODATE_JA 1
| #define LINGUA_UPTODATE_KO 1
| #define LINGUA_UPTODATE_NB 1
| #define LINGUA_UPTODATE_NL 1
| #define LINGUA_UPTODATE_NN 1
| #define LINGUA_UPTODATE_PL 1
| #define LINGUA_UPTODATE_PT 1
| #define LINGUA_UPTODATE_PT_BR 1
| #define LINGUA_UPTODATE_RU 1
| #define LINGUA_UPTODATE_TR 1
| #define LINGUA_UPTODATE_UK 1
| #define LINGUA_UPTODATE_ZH_CN 1
| #define HAVE_ICONV 1
| #define ENABLE_NLS 1
| #define HAVE_GETTEXT 1
| #define HAVE_DCGETTEXT 1
| #define HAVE_STDIO_H 1
| #define HAVE_STDLIB_H 1
| #define HAVE_STRING_H 1
| #define HAVE_INTTYPES_H 1
| #define HAVE_STDINT_H 1
| #define HAVE_STRINGS_H 1
| #define HAVE_SYS_STAT_H 1
| #define HAVE_SYS_TYPES_H 1
| #define HAVE_UNISTD_H 1
| /* end confdefs.h.  */
| #include <stddef.h>
| #ifdef HAVE_STDIO_H
| # include <stdio.h>
| #endif
| #ifdef HAVE_STDLIB_H
| # include <stdlib.h>
| #endif
| #ifdef HAVE_STRING_H
| # include <string.h>
| #endif
| #ifdef HAVE_INTTYPES_H
| # include <inttypes.h>
| #endif
| #ifdef HAVE_STDINT_H
| # include <stdint.h>
| #endif
| #ifdef HAVE_STRINGS_H
| # include <strings.h>
| #endif
| #ifdef HAVE_SYS_TYPES_H
| # include <sys/types.h>
| #endif
| #ifdef HAVE_SYS_STAT_H
| # include <sys/stat.h>
| #endif
| #ifdef HAVE_UNISTD_H
| # include <unistd.h>
| #endif
| #include <sys/socket.h>
configure:12552: result: no
configure:12577: checking for dlfcn.h
configure:12577: gcc -c -g -O2 -I/mingw64/include conftest.c >&5
conftest.c:114:10: fatal error: dlfcn.h: No such file or directory
  114 | #include <dlfcn.h>
      |          ^~~~~~~~~
compilation terminated.
configure:12577: $? = 1
configure: failed program was:
| /* confdefs.h */
| #define PACKAGE_NAME "bluefish"
| #define PACKAGE_TARNAME "bluefish"
| #define PACKAGE_VERSION "2.2.17"
| #define PACKAGE_STRING "bluefish 2.2.17"
| #define PACKAGE_BUGREPORT "https://sourceforge.net/p/bluefish/tickets/"
| #define PACKAGE_URL ""
| #define CONFIGURE_OPTIONS "./configure  'PKG_CONFIG_PATH=/mingw64/lib/pkgconfig:/mingw64/share/pkgconfig'"
| #define PACKAGE "bluefish"
| #define VERSION "2.2.17"
| #define GETTEXT_PACKAGE "bluefish"
| #define HAVE_LINGUA_AR 1
| #define HAVE_LINGUA_BG 1
| #define HAVE_LINGUA_CA 1
| #define HAVE_LINGUA_CS 1
| #define HAVE_LINGUA_DA 1
| #define HAVE_LINGUA_DE 1
| #define HAVE_LINGUA_EL 1
| #define HAVE_LINGUA_EN 1
| #define HAVE_LINGUA_ES 1
| #define HAVE_LINGUA_EU 1
| #define HAVE_LINGUA_FA 1
| #define HAVE_LINGUA_FI 1
| #define HAVE_LINGUA_FR 1
| #define HAVE_LINGUA_GL 1
| #define HAVE_LINGUA_HU 1
| #define HAVE_LINGUA_IT 1
| #define HAVE_LINGUA_JA 1
| #define HAVE_LINGUA_KO 1
| #define HAVE_LINGUA_NB 1
| #define HAVE_LINGUA_NL 1
| #define HAVE_LINGUA_NN 1
| #define HAVE_LINGUA_PL 1
| #define HAVE_LINGUA_PT 1
| #define HAVE_LINGUA_PT_BR 1
| #define HAVE_LINGUA_RO 1
| #define HAVE_LINGUA_RU 1
| #define HAVE_LINGUA_SK 1
| #define HAVE_LINGUA_SR 1
| #define HAVE_LINGUA_SV 1
| #define HAVE_LINGUA_TA 1
| #define HAVE_LINGUA_TR 1
| #define HAVE_LINGUA_UK 1
| #define HAVE_LINGUA_ZH_CN 1
| #define HAVE_LINGUA_ZH_TW 1
| #define LINGUA_UPTODATE_CA 1
| #define LINGUA_UPTODATE_CS 1
| #define LINGUA_UPTODATE_DA 1
| #define LINGUA_UPTODATE_DE 1
| #define LINGUA_UPTODATE_EN 1
| #define LINGUA_UPTODATE_ES 1
| #define LINGUA_UPTODATE_EU 1
| #define LINGUA_UPTODATE_FA 1
| #define LINGUA_UPTODATE_FR 1
| #define LINGUA_UPTODATE_GL 1
| #define LINGUA_UPTODATE_HU 1
| #define LINGUA_UPTODATE_IT 1
| #define LINGUA_UPTODATE_JA 1
| #define LINGUA_UPTODATE_KO 1
| #define LINGUA_UPTODATE_NB 1
| #define LINGUA_UPTODATE_NL 1
| #define LINGUA_UPTODATE_NN 1
| #define LINGUA_UPTODATE_PL 1
| #define LINGUA_UPTODATE_PT 1
| #define LINGUA_UPTODATE_PT_BR 1
| #define LINGUA_UPTODATE_RU 1
| #define LINGUA_UPTODATE_TR 1
| #define LINGUA_UPTODATE_UK 1
| #define LINGUA_UPTODATE_ZH_CN 1
| #define HAVE_ICONV 1
| #define ENABLE_NLS 1
| #define HAVE_GETTEXT 1
| #define HAVE_DCGETTEXT 1
| #define HAVE_STDIO_H 1
| #define HAVE_STDLIB_H 1
| #define HAVE_STRING_H 1
| #define HAVE_INTTYPES_H 1
| #define HAVE_STDINT_H 1
| #define HAVE_STRINGS_H 1
| #define HAVE_SYS_STAT_H 1
| #define HAVE_SYS_TYPES_H 1
| #define HAVE_UNISTD_H 1
| #define STDC_HEADERS 1
| /* end confdefs.h.  */
| #include <stddef.h>
| #ifdef HAVE_STDIO_H
| # include <stdio.h>
| #endif
| #ifdef HAVE_STDLIB_H
| # include <stdlib.h>
| #endif
| #ifdef HAVE_STRING_H
| # include <string.h>
| #endif
| #ifdef HAVE_INTTYPES_H
| # include <inttypes.h>
| #endif
| #ifdef HAVE_STDINT_H
| # include <stdint.h>
| #endif
| #ifdef HAVE_STRINGS_H
| # include <strings.h>
| #endif
| #ifdef HAVE_SYS_TYPES_H
| # include <sys/types.h>
| #endif
| #ifdef HAVE_SYS_STAT_H
| # include <sys/stat.h>
| #endif
| #ifdef HAVE_UNISTD_H
| # include <unistd.h>
| #endif
| 
| #include <dlfcn.h>
configure:12577: result: no
configure:12673: checking for as
configure:12694: found /mingw64/bin/as
configure:12705: result: as
configure:12775: checking for dlltool
configure:12807: result: dlltool
configure:12877: checking for objdump
configure:12909: result: objdump
configure:13198: checking for objdir
configure:13214: result: .libs
configure:13478: checking if gcc supports -fno-rtti -fno-exceptions
configure:13497: gcc -c -g -O2 -I/mingw64/include -fno-rtti -fno-exceptions conftest.c >&5
cc1.exe: warning: command-line option '-fno-rtti' is valid for C++/D/ObjC++ but not for C
configure:13501: $? = 0
configure:13514: result: no
configure:13887: checking for gcc option to produce PIC
configure:13895: result: -DDLL_EXPORT -DPIC
configure:13903: checking if gcc PIC flag -DDLL_EXPORT -DPIC works
configure:13922: gcc -c -g -O2 -I/mingw64/include -DDLL_EXPORT -DPIC -DPIC conftest.c >&5
configure:13926: $? = 0
configure:13939: result: yes
configure:13968: checking if gcc static flag -static works
configure:13997: result: yes
configure:14012: checking if gcc supports -c -o file.o
configure:14034: gcc -c -g -O2 -I/mingw64/include -o out/conftest2.o conftest.c >&5
configure:14038: $? = 0
configure:14060: result: yes
configure:14068: checking if gcc supports -c -o file.o
configure:14116: result: yes
configure:14149: checking whether the gcc linker (C:/msys64/mingw64/x86_64-w64-mingw32/bin/ld.exe) supports shared libraries
configure:15428: result: yes
configure:15465: checking whether -lc should be explicitly linked in
configure:15474: gcc -c -g -O2 -I/mingw64/include conftest.c >&5
configure:15477: $? = 0
configure:15492: gcc -shared conftest.o  -v -o ./conftest -Wl,--enable-auto-image-base -Xlinker --out-implib -Xlinker conftest 2\>\&1 \| /usr/bin/grep  -lc  \>/dev/null 2\>\&1
configure:15495: $? = 1
configure:15509: result: yes
configure:15669: checking dynamic linker characteristics
configure:17048: result: Win32 ld.exe
configure:17170: checking how to hardcode library paths into programs
configure:17195: result: immediate
configure:17777: checking whether stripping libraries is possible
configure:17786: result: yes
configure:17828: checking if libtool supports shared libraries
configure:17830: result: yes
configure:17833: checking whether to build shared libraries
configure:17858: result: yes
configure:17861: checking whether to build static libraries
configure:17865: result: no
configure:17950: checking for windres
configure:17971: found /mingw64/bin/windres
configure:17982: result: windres
configure:18083: checking for inline
configure:18100: gcc -c -g -O2 -I/mingw64/include conftest.c >&5
configure:18100: $? = 0
configure:18109: result: inline
configure:18139: platform is... Windows/Cygwin
configure:18216: checking for windres
configure:18237: found /mingw64/bin/windres
configure:18248: result: windres
configure:18273: checking for a sed that does not truncate output
configure:18343: result: /usr/bin/sed
configure:18364: checking for gdk-pixbuf-csource
configure:18385: found /mingw64/bin/gdk-pixbuf-csource
configure:18396: result: gdk-pixbuf-csource
configure:18434: checking for svn tree or exported source tree
configure:18443: result: exported
configure:18508: checking for xmlcatalog
configure:18531: found /mingw64/bin/xmlcatalog
configure:18544: result: /mingw64/bin/xmlcatalog
configure:18576: checking for update-desktop-database
configure:18614: result: no
configure:18621: checking for update-mime-database
configure:18644: found /mingw64/bin/update-mime-database
configure:18656: result: /mingw64/bin/update-mime-database
configure:18757: checking for system XML catalog
configure:18768: result: ${prefix}/etc/xml/catalog
configure:18829: checking for stdlib.h
configure:18829: result: yes
configure:18835: checking for unistd.h
configure:18835: result: yes
configure:18841: checking for string.h
configure:18841: result: yes
configure:18847: checking for strings.h
configure:18847: result: yes
configure:18853: checking for errno.h
configure:18853: gcc -c -g -O2 -Wall -pipe -Wno-deprecated-declarations -I/mingw64/include conftest.c >&5
configure:18853: $? = 0
configure:18853: result: yes
configure:18859: checking for stdio.h
configure:18859: result: yes
configure:18865: checking for sys/stat.h
configure:18865: result: yes
configure:18871: checking for ctype.h
configure:18871: gcc -c -g -O2 -Wall -pipe -Wno-deprecated-declarations -I/mingw64/include conftest.c >&5
configure:18871: $? = 0
configure:18871: result: yes
configure:18877: checking for getopt.h
configure:18877: gcc -c -g -O2 -Wall -pipe -Wno-deprecated-declarations -I/mingw64/include conftest.c >&5
configure:18877: $? = 0
configure:18877: result: yes
configure:18883: checking for math.h
configure:18883: gcc -c -g -O2 -Wall -pipe -Wno-deprecated-declarations -I/mingw64/include conftest.c >&5
configure:18883: $? = 0
configure:18883: result: yes
configure:18889: checking for time.h
configure:18889: gcc -c -g -O2 -Wall -pipe -Wno-deprecated-declarations -I/mingw64/include conftest.c >&5
configure:18889: $? = 0
configure:18889: result: yes
configure:18895: checking for sys/types.h
configure:18895: result: yes
configure:18901: checking for fcntl.h
configure:18901: gcc -c -g -O2 -Wall -pipe -Wno-deprecated-declarations -I/mingw64/include conftest.c >&5
configure:18901: $? = 0
configure:18901: result: yes
configure:18907: checking for netdb.h
configure:18907: gcc -c -g -O2 -Wall -pipe -Wno-deprecated-declarations -I/mingw64/include conftest.c >&5
conftest.c:128:10: fatal error: netdb.h: No such file or directory
  128 | #include <netdb.h>
      |          ^~~~~~~~~
compilation terminated.
configure:18907: $? = 1
configure: failed program was:
| /* confdefs.h */
| #define PACKAGE_NAME "bluefish"
| #define PACKAGE_TARNAME "bluefish"
| #define PACKAGE_VERSION "2.2.17"
| #define PACKAGE_STRING "bluefish 2.2.17"
| #define PACKAGE_BUGREPORT "https://sourceforge.net/p/bluefish/tickets/"
| #define PACKAGE_URL ""
| #define CONFIGURE_OPTIONS "./configure  'PKG_CONFIG_PATH=/mingw64/lib/pkgconfig:/mingw64/share/pkgconfig'"
| #define PACKAGE "bluefish"
| #define VERSION "2.2.17"
| #define GETTEXT_PACKAGE "bluefish"
| #define HAVE_LINGUA_AR 1
| #define HAVE_LINGUA_BG 1
| #define HAVE_LINGUA_CA 1
| #define HAVE_LINGUA_CS 1
| #define HAVE_LINGUA_DA 1
| #define HAVE_LINGUA_DE 1
| #define HAVE_LINGUA_EL 1
| #define HAVE_LINGUA_EN 1
| #define HAVE_LINGUA_ES 1
| #define HAVE_LINGUA_EU 1
| #define HAVE_LINGUA_FA 1
| #define HAVE_LINGUA_FI 1
| #define HAVE_LINGUA_FR 1
| #define HAVE_LINGUA_GL 1
| #define HAVE_LINGUA_HU 1
| #define HAVE_LINGUA_IT 1
| #define HAVE_LINGUA_JA 1
| #define HAVE_LINGUA_KO 1
| #define HAVE_LINGUA_NB 1
| #define HAVE_LINGUA_NL 1
| #define HAVE_LINGUA_NN 1
| #define HAVE_LINGUA_PL 1
| #define HAVE_LINGUA_PT 1
| #define HAVE_LINGUA_PT_BR 1
| #define HAVE_LINGUA_RO 1
| #define HAVE_LINGUA_RU 1
| #define HAVE_LINGUA_SK 1
| #define HAVE_LINGUA_SR 1
| #define HAVE_LINGUA_SV 1
| #define HAVE_LINGUA_TA 1
| #define HAVE_LINGUA_TR 1
| #define HAVE_LINGUA_UK 1
| #define HAVE_LINGUA_ZH_CN 1
| #define HAVE_LINGUA_ZH_TW 1
| #define LINGUA_UPTODATE_CA 1
| #define LINGUA_UPTODATE_CS 1
| #define LINGUA_UPTODATE_DA 1
| #define LINGUA_UPTODATE_DE 1
| #define LINGUA_UPTODATE_EN 1
| #define LINGUA_UPTODATE_ES 1
| #define LINGUA_UPTODATE_EU 1
| #define LINGUA_UPTODATE_FA 1
| #define LINGUA_UPTODATE_FR 1
| #define LINGUA_UPTODATE_GL 1
| #define LINGUA_UPTODATE_HU 1
| #define LINGUA_UPTODATE_IT 1
| #define LINGUA_UPTODATE_JA 1
| #define LINGUA_UPTODATE_KO 1
| #define LINGUA_UPTODATE_NB 1
| #define LINGUA_UPTODATE_NL 1
| #define LINGUA_UPTODATE_NN 1
| #define LINGUA_UPTODATE_PL 1
| #define LINGUA_UPTODATE_PT 1
| #define LINGUA_UPTODATE_PT_BR 1
| #define LINGUA_UPTODATE_RU 1
| #define LINGUA_UPTODATE_TR 1
| #define LINGUA_UPTODATE_UK 1
| #define LINGUA_UPTODATE_ZH_CN 1
| #define HAVE_ICONV 1
| #define ENABLE_NLS 1
| #define HAVE_GETTEXT 1
| #define HAVE_DCGETTEXT 1
| #define HAVE_STDIO_H 1
| #define HAVE_STDLIB_H 1
| #define HAVE_STRING_H 1
| #define HAVE_INTTYPES_H 1
| #define HAVE_STDINT_H 1
| #define HAVE_STRINGS_H 1
| #define HAVE_SYS_STAT_H 1
| #define HAVE_SYS_TYPES_H 1
| #define HAVE_UNISTD_H 1
| #define STDC_HEADERS 1
| #define LT_OBJDIR ".libs/"
| #define WIN32 1
| #define HAVE_STDLIB_H 1
| #define HAVE_UNISTD_H 1
| #define HAVE_STRING_H 1
| #define HAVE_STRINGS_H 1
| #define HAVE_ERRNO_H 1
| #define HAVE_STDIO_H 1
| #define HAVE_SYS_STAT_H 1
| #define HAVE_CTYPE_H 1
| #define HAVE_GETOPT_H 1
| #define HAVE_MATH_H 1
| #define HAVE_TIME_H 1
| #define HAVE_SYS_TYPES_H 1
| #define HAVE_FCNTL_H 1
| /* end confdefs.h.  */
| #include <stddef.h>
| #ifdef HAVE_STDIO_H
| # include <stdio.h>
| #endif
| #ifdef HAVE_STDLIB_H
| # include <stdlib.h>
| #endif
| #ifdef HAVE_STRING_H
| # include <string.h>
| #endif
| #ifdef HAVE_INTTYPES_H
| # include <inttypes.h>
| #endif
| #ifdef HAVE_STDINT_H
| # include <stdint.h>
| #endif
| #ifdef HAVE_STRINGS_H
| # include <strings.h>
| #endif
| #ifdef HAVE_SYS_TYPES_H
| # include <sys/types.h>
| #endif
| #ifdef HAVE_SYS_STAT_H
| # include <sys/stat.h>
| #endif
| #ifdef HAVE_UNISTD_H
| # include <unistd.h>
| #endif
| #include <netdb.h>
configure:18907: result: no
configure:18913: checking for netinet/in.h
configure:18913: gcc -c -g -O2 -Wall -pipe -Wno-deprecated-declarations -I/mingw64/include conftest.c >&5
conftest.c:128:10: fatal error: netinet/in.h: No such file or directory
  128 | #include <netinet/in.h>
      |          ^~~~~~~~~~~~~~
compilation terminated.
configure:18913: $? = 1
configure: failed program was:
| /* confdefs.h */
| #define PACKAGE_NAME "bluefish"
| #define PACKAGE_TARNAME "bluefish"
| #define PACKAGE_VERSION "2.2.17"
| #define PACKAGE_STRING "bluefish 2.2.17"
| #define PACKAGE_BUGREPORT "https://sourceforge.net/p/bluefish/tickets/"
| #define PACKAGE_URL ""
| #define CONFIGURE_OPTIONS "./configure  'PKG_CONFIG_PATH=/mingw64/lib/pkgconfig:/mingw64/share/pkgconfig'"
| #define PACKAGE "bluefish"
| #define VERSION "2.2.17"
| #define GETTEXT_PACKAGE "bluefish"
| #define HAVE_LINGUA_AR 1
| #define HAVE_LINGUA_BG 1
| #define HAVE_LINGUA_CA 1
| #define HAVE_LINGUA_CS 1
| #define HAVE_LINGUA_DA 1
| #define HAVE_LINGUA_DE 1
| #define HAVE_LINGUA_EL 1
| #define HAVE_LINGUA_EN 1
| #define HAVE_LINGUA_ES 1
| #define HAVE_LINGUA_EU 1
| #define HAVE_LINGUA_FA 1
| #define HAVE_LINGUA_FI 1
| #define HAVE_LINGUA_FR 1
| #define HAVE_LINGUA_GL 1
| #define HAVE_LINGUA_HU 1
| #define HAVE_LINGUA_IT 1
| #define HAVE_LINGUA_JA 1
| #define HAVE_LINGUA_KO 1
| #define HAVE_LINGUA_NB 1
| #define HAVE_LINGUA_NL 1
| #define HAVE_LINGUA_NN 1
| #define HAVE_LINGUA_PL 1
| #define HAVE_LINGUA_PT 1
| #define HAVE_LINGUA_PT_BR 1
| #define HAVE_LINGUA_RO 1
| #define HAVE_LINGUA_RU 1
| #define HAVE_LINGUA_SK 1
| #define HAVE_LINGUA_SR 1
| #define HAVE_LINGUA_SV 1
| #define HAVE_LINGUA_TA 1
| #define HAVE_LINGUA_TR 1
| #define HAVE_LINGUA_UK 1
| #define HAVE_LINGUA_ZH_CN 1
| #define HAVE_LINGUA_ZH_TW 1
| #define LINGUA_UPTODATE_CA 1
| #define LINGUA_UPTODATE_CS 1
| #define LINGUA_UPTODATE_DA 1
| #define LINGUA_UPTODATE_DE 1
| #define LINGUA_UPTODATE_EN 1
| #define LINGUA_UPTODATE_ES 1
| #define LINGUA_UPTODATE_EU 1
| #define LINGUA_UPTODATE_FA 1
| #define LINGUA_UPTODATE_FR 1
| #define LINGUA_UPTODATE_GL 1
| #define LINGUA_UPTODATE_HU 1
| #define LINGUA_UPTODATE_IT 1
| #define LINGUA_UPTODATE_JA 1
| #define LINGUA_UPTODATE_KO 1
| #define LINGUA_UPTODATE_NB 1
| #define LINGUA_UPTODATE_NL 1
| #define LINGUA_UPTODATE_NN 1
| #define LINGUA_UPTODATE_PL 1
| #define LINGUA_UPTODATE_PT 1
| #define LINGUA_UPTODATE_PT_BR 1
| #define LINGUA_UPTODATE_RU 1
| #define LINGUA_UPTODATE_TR 1
| #define LINGUA_UPTODATE_UK 1
| #define LINGUA_UPTODATE_ZH_CN 1
| #define HAVE_ICONV 1
| #define ENABLE_NLS 1
| #define HAVE_GETTEXT 1
| #define HAVE_DCGETTEXT 1
| #define HAVE_STDIO_H 1
| #define HAVE_STDLIB_H 1
| #define HAVE_STRING_H 1
| #define HAVE_INTTYPES_H 1
| #define HAVE_STDINT_H 1
| #define HAVE_STRINGS_H 1
| #define HAVE_SYS_STAT_H 1
| #define HAVE_SYS_TYPES_H 1
| #define HAVE_UNISTD_H 1
| #define STDC_HEADERS 1
| #define LT_OBJDIR ".libs/"
| #define WIN32 1
| #define HAVE_STDLIB_H 1
| #define HAVE_UNISTD_H 1
| #define HAVE_STRING_H 1
| #define HAVE_STRINGS_H 1
| #define HAVE_ERRNO_H 1
| #define HAVE_STDIO_H 1
| #define HAVE_SYS_STAT_H 1
| #define HAVE_CTYPE_H 1
| #define HAVE_GETOPT_H 1
| #define HAVE_MATH_H 1
| #define HAVE_TIME_H 1
| #define HAVE_SYS_TYPES_H 1
| #define HAVE_FCNTL_H 1
| /* end confdefs.h.  */
| #include <stddef.h>
| #ifdef HAVE_STDIO_H
| # include <stdio.h>
| #endif
| #ifdef HAVE_STDLIB_H
| # include <stdlib.h>
| #endif
| #ifdef HAVE_STRING_H
| # include <string.h>
| #endif
| #ifdef HAVE_INTTYPES_H
| # include <inttypes.h>
| #endif
| #ifdef HAVE_STDINT_H
| # include <stdint.h>
| #endif
| #ifdef HAVE_STRINGS_H
| # include <strings.h>
| #endif
| #ifdef HAVE_SYS_TYPES_H
| # include <sys/types.h>
| #endif
| #ifdef HAVE_SYS_STAT_H
| # include <sys/stat.h>
| #endif
| #ifdef HAVE_UNISTD_H
| # include <unistd.h>
| #endif
| #include <netinet/in.h>
configure:18913: result: no
configure:18919: checking for sys/socket.h
configure:18919: result: no
configure:18925: checking for arpa/inet.h
configure:18925: gcc -c -g -O2 -Wall -pipe -Wno-deprecated-declarations -I/mingw64/include conftest.c >&5
conftest.c:128:10: fatal error: arpa/inet.h: No such file or directory
  128 | #include <arpa/inet.h>
      |          ^~~~~~~~~~~~~
compilation terminated.
configure:18925: $? = 1
configure: failed program was:
| /* confdefs.h */
| #define PACKAGE_NAME "bluefish"
| #define PACKAGE_TARNAME "bluefish"
| #define PACKAGE_VERSION "2.2.17"
| #define PACKAGE_STRING "bluefish 2.2.17"
| #define PACKAGE_BUGREPORT "https://sourceforge.net/p/bluefish/tickets/"
| #define PACKAGE_URL ""
| #define CONFIGURE_OPTIONS "./configure  'PKG_CONFIG_PATH=/mingw64/lib/pkgconfig:/mingw64/share/pkgconfig'"
| #define PACKAGE "bluefish"
| #define VERSION "2.2.17"
| #define GETTEXT_PACKAGE "bluefish"
| #define HAVE_LINGUA_AR 1
| #define HAVE_LINGUA_BG 1
| #define HAVE_LINGUA_CA 1
| #define HAVE_LINGUA_CS 1
| #define HAVE_LINGUA_DA 1
| #define HAVE_LINGUA_DE 1
| #define HAVE_LINGUA_EL 1
| #define HAVE_LINGUA_EN 1
| #define HAVE_LINGUA_ES 1
| #define HAVE_LINGUA_EU 1
| #define HAVE_LINGUA_FA 1
| #define HAVE_LINGUA_FI 1
| #define HAVE_LINGUA_FR 1
| #define HAVE_LINGUA_GL 1
| #define HAVE_LINGUA_HU 1
| #define HAVE_LINGUA_IT 1
| #define HAVE_LINGUA_JA 1
| #define HAVE_LINGUA_KO 1
| #define HAVE_LINGUA_NB 1
| #define HAVE_LINGUA_NL 1
| #define HAVE_LINGUA_NN 1
| #define HAVE_LINGUA_PL 1
| #define HAVE_LINGUA_PT 1
| #define HAVE_LINGUA_PT_BR 1
| #define HAVE_LINGUA_RO 1
| #define HAVE_LINGUA_RU 1
| #define HAVE_LINGUA_SK 1
| #define HAVE_LINGUA_SR 1
| #define HAVE_LINGUA_SV 1
| #define HAVE_LINGUA_TA 1
| #define HAVE_LINGUA_TR 1
| #define HAVE_LINGUA_UK 1
| #define HAVE_LINGUA_ZH_CN 1
| #define HAVE_LINGUA_ZH_TW 1
| #define LINGUA_UPTODATE_CA 1
| #define LINGUA_UPTODATE_CS 1
| #define LINGUA_UPTODATE_DA 1
| #define LINGUA_UPTODATE_DE 1
| #define LINGUA_UPTODATE_EN 1
| #define LINGUA_UPTODATE_ES 1
| #define LINGUA_UPTODATE_EU 1
| #define LINGUA_UPTODATE_FA 1
| #define LINGUA_UPTODATE_FR 1
| #define LINGUA_UPTODATE_GL 1
| #define LINGUA_UPTODATE_HU 1
| #define LINGUA_UPTODATE_IT 1
| #define LINGUA_UPTODATE_JA 1
| #define LINGUA_UPTODATE_KO 1
| #define LINGUA_UPTODATE_NB 1
| #define LINGUA_UPTODATE_NL 1
| #define LINGUA_UPTODATE_NN 1
| #define LINGUA_UPTODATE_PL 1
| #define LINGUA_UPTODATE_PT 1
| #define LINGUA_UPTODATE_PT_BR 1
| #define LINGUA_UPTODATE_RU 1
| #define LINGUA_UPTODATE_TR 1
| #define LINGUA_UPTODATE_UK 1
| #define LINGUA_UPTODATE_ZH_CN 1
| #define HAVE_ICONV 1
| #define ENABLE_NLS 1
| #define HAVE_GETTEXT 1
| #define HAVE_DCGETTEXT 1
| #define HAVE_STDIO_H 1
| #define HAVE_STDLIB_H 1
| #define HAVE_STRING_H 1
| #define HAVE_INTTYPES_H 1
| #define HAVE_STDINT_H 1
| #define HAVE_STRINGS_H 1
| #define HAVE_SYS_STAT_H 1
| #define HAVE_SYS_TYPES_H 1
| #define HAVE_UNISTD_H 1
| #define STDC_HEADERS 1
| #define LT_OBJDIR ".libs/"
| #define WIN32 1
| #define HAVE_STDLIB_H 1
| #define HAVE_UNISTD_H 1
| #define HAVE_STRING_H 1
| #define HAVE_STRINGS_H 1
| #define HAVE_ERRNO_H 1
| #define HAVE_STDIO_H 1
| #define HAVE_SYS_STAT_H 1
| #define HAVE_CTYPE_H 1
| #define HAVE_GETOPT_H 1
| #define HAVE_MATH_H 1
| #define HAVE_TIME_H 1
| #define HAVE_SYS_TYPES_H 1
| #define HAVE_FCNTL_H 1
| /* end confdefs.h.  */
| #include <stddef.h>
| #ifdef HAVE_STDIO_H
| # include <stdio.h>
| #endif
| #ifdef HAVE_STDLIB_H
| # include <stdlib.h>
| #endif
| #ifdef HAVE_STRING_H
| # include <string.h>
| #endif
| #ifdef HAVE_INTTYPES_H
| # include <inttypes.h>
| #endif
| #ifdef HAVE_STDINT_H
| # include <stdint.h>
| #endif
| #ifdef HAVE_STRINGS_H
| # include <strings.h>
| #endif
| #ifdef HAVE_SYS_TYPES_H
| # include <sys/types.h>
| #endif
| #ifdef HAVE_SYS_STAT_H
| # include <sys/stat.h>
| #endif
| #ifdef HAVE_UNISTD_H
| # include <unistd.h>
| #endif
| #include <arpa/inet.h>
configure:18925: result: no
configure:18931: checking for dirent.h
configure:18931: gcc -c -g -O2 -Wall -pipe -Wno-deprecated-declarations -I/mingw64/include conftest.c >&5
configure:18931: $? = 0
configure:18931: result: yes
configure:18937: checking for sys/select.h
configure:18937: result: no
configure:18943: checking for sys/time.h
configure:18943: gcc -c -g -O2 -Wall -pipe -Wno-deprecated-declarations -I/mingw64/include conftest.c >&5
configure:18943: $? = 0
configure:18943: result: yes
configure:18949: checking for sys/ipc.h
configure:18949: gcc -c -g -O2 -Wall -pipe -Wno-deprecated-declarations -I/mingw64/include conftest.c >&5
conftest.c:130:10: fatal error: sys/ipc.h: No such file or directory
  130 | #include <sys/ipc.h>
      |          ^~~~~~~~~~~
compilation terminated.
configure:18949: $? = 1
configure: failed program was:
| /* confdefs.h */
| #define PACKAGE_NAME "bluefish"
| #define PACKAGE_TARNAME "bluefish"
| #define PACKAGE_VERSION "2.2.17"
| #define PACKAGE_STRING "bluefish 2.2.17"
| #define PACKAGE_BUGREPORT "https://sourceforge.net/p/bluefish/tickets/"
| #define PACKAGE_URL ""
| #define CONFIGURE_OPTIONS "./configure  'PKG_CONFIG_PATH=/mingw64/lib/pkgconfig:/mingw64/share/pkgconfig'"
| #define PACKAGE "bluefish"
| #define VERSION "2.2.17"
| #define GETTEXT_PACKAGE "bluefish"
| #define HAVE_LINGUA_AR 1
| #define HAVE_LINGUA_BG 1
| #define HAVE_LINGUA_CA 1
| #define HAVE_LINGUA_CS 1
| #define HAVE_LINGUA_DA 1
| #define HAVE_LINGUA_DE 1
| #define HAVE_LINGUA_EL 1
| #define HAVE_LINGUA_EN 1
| #define HAVE_LINGUA_ES 1
| #define HAVE_LINGUA_EU 1
| #define HAVE_LINGUA_FA 1
| #define HAVE_LINGUA_FI 1
| #define HAVE_LINGUA_FR 1
| #define HAVE_LINGUA_GL 1
| #define HAVE_LINGUA_HU 1
| #define HAVE_LINGUA_IT 1
| #define HAVE_LINGUA_JA 1
| #define HAVE_LINGUA_KO 1
| #define HAVE_LINGUA_NB 1
| #define HAVE_LINGUA_NL 1
| #define HAVE_LINGUA_NN 1
| #define HAVE_LINGUA_PL 1
| #define HAVE_LINGUA_PT 1
| #define HAVE_LINGUA_PT_BR 1
| #define HAVE_LINGUA_RO 1
| #define HAVE_LINGUA_RU 1
| #define HAVE_LINGUA_SK 1
| #define HAVE_LINGUA_SR 1
| #define HAVE_LINGUA_SV 1
| #define HAVE_LINGUA_TA 1
| #define HAVE_LINGUA_TR 1
| #define HAVE_LINGUA_UK 1
| #define HAVE_LINGUA_ZH_CN 1
| #define HAVE_LINGUA_ZH_TW 1
| #define LINGUA_UPTODATE_CA 1
| #define LINGUA_UPTODATE_CS 1
| #define LINGUA_UPTODATE_DA 1
| #define LINGUA_UPTODATE_DE 1
| #define LINGUA_UPTODATE_EN 1
| #define LINGUA_UPTODATE_ES 1
| #define LINGUA_UPTODATE_EU 1
| #define LINGUA_UPTODATE_FA 1
| #define LINGUA_UPTODATE_FR 1
| #define LINGUA_UPTODATE_GL 1
| #define LINGUA_UPTODATE_HU 1
| #define LINGUA_UPTODATE_IT 1
| #define LINGUA_UPTODATE_JA 1
| #define LINGUA_UPTODATE_KO 1
| #define LINGUA_UPTODATE_NB 1
| #define LINGUA_UPTODATE_NL 1
| #define LINGUA_UPTODATE_NN 1
| #define LINGUA_UPTODATE_PL 1
| #define LINGUA_UPTODATE_PT 1
| #define LINGUA_UPTODATE_PT_BR 1
| #define LINGUA_UPTODATE_RU 1
| #define LINGUA_UPTODATE_TR 1
| #define LINGUA_UPTODATE_UK 1
| #define LINGUA_UPTODATE_ZH_CN 1
| #define HAVE_ICONV 1
| #define ENABLE_NLS 1
| #define HAVE_GETTEXT 1
| #define HAVE_DCGETTEXT 1
| #define HAVE_STDIO_H 1
| #define HAVE_STDLIB_H 1
| #define HAVE_STRING_H 1
| #define HAVE_INTTYPES_H 1
| #define HAVE_STDINT_H 1
| #define HAVE_STRINGS_H 1
| #define HAVE_SYS_STAT_H 1
| #define HAVE_SYS_TYPES_H 1
| #define HAVE_UNISTD_H 1
| #define STDC_HEADERS 1
| #define LT_OBJDIR ".libs/"
| #define WIN32 1
| #define HAVE_STDLIB_H 1
| #define HAVE_UNISTD_H 1
| #define HAVE_STRING_H 1
| #define HAVE_STRINGS_H 1
| #define HAVE_ERRNO_H 1
| #define HAVE_STDIO_H 1
| #define HAVE_SYS_STAT_H 1
| #define HAVE_CTYPE_H 1
| #define HAVE_GETOPT_H 1
| #define HAVE_MATH_H 1
| #define HAVE_TIME_H 1
| #define HAVE_SYS_TYPES_H 1
| #define HAVE_FCNTL_H 1
| #define HAVE_DIRENT_H 1
| #define HAVE_SYS_TIME_H 1
| /* end confdefs.h.  */
| #include <stddef.h>
| #ifdef HAVE_STDIO_H
| # include <stdio.h>
| #endif
| #ifdef HAVE_STDLIB_H
| # include <stdlib.h>
| #endif
| #ifdef HAVE_STRING_H
| # include <string.h>
| #endif
| #ifdef HAVE_INTTYPES_H
| # include <inttypes.h>
| #endif
| #ifdef HAVE_STDINT_H
| # include <stdint.h>
| #endif
| #ifdef HAVE_STRINGS_H
| # include <strings.h>
| #endif
| #ifdef HAVE_SYS_TYPES_H
| # include <sys/types.h>
| #endif
| #ifdef HAVE_SYS_STAT_H
| # include <sys/stat.h>
| #endif
| #ifdef HAVE_UNISTD_H
| # include <unistd.h>
| #endif
| #include <sys/ipc.h>
configure:18949: result: no
configure:18955: checking for sys/msg.h
configure:18955: gcc -c -g -O2 -Wall -pipe -Wno-deprecated-declarations -I/mingw64/include conftest.c >&5
conftest.c:130:10: fatal error: sys/msg.h: No such file or directory
  130 | #include <sys/msg.h>
      |          ^~~~~~~~~~~
compilation terminated.
configure:18955: $? = 1
configure: failed program was:
| /* confdefs.h */
| #define PACKAGE_NAME "bluefish"
| #define PACKAGE_TARNAME "bluefish"
| #define PACKAGE_VERSION "2.2.17"
| #define PACKAGE_STRING "bluefish 2.2.17"
| #define PACKAGE_BUGREPORT "https://sourceforge.net/p/bluefish/tickets/"
| #define PACKAGE_URL ""
| #define CONFIGURE_OPTIONS "./configure  'PKG_CONFIG_PATH=/mingw64/lib/pkgconfig:/mingw64/share/pkgconfig'"
| #define PACKAGE "bluefish"
| #define VERSION "2.2.17"
| #define GETTEXT_PACKAGE "bluefish"
| #define HAVE_LINGUA_AR 1
| #define HAVE_LINGUA_BG 1
| #define HAVE_LINGUA_CA 1
| #define HAVE_LINGUA_CS 1
| #define HAVE_LINGUA_DA 1
| #define HAVE_LINGUA_DE 1
| #define HAVE_LINGUA_EL 1
| #define HAVE_LINGUA_EN 1
| #define HAVE_LINGUA_ES 1
| #define HAVE_LINGUA_EU 1
| #define HAVE_LINGUA_FA 1
| #define HAVE_LINGUA_FI 1
| #define HAVE_LINGUA_FR 1
| #define HAVE_LINGUA_GL 1
| #define HAVE_LINGUA_HU 1
| #define HAVE_LINGUA_IT 1
| #define HAVE_LINGUA_JA 1
| #define HAVE_LINGUA_KO 1
| #define HAVE_LINGUA_NB 1
| #define HAVE_LINGUA_NL 1
| #define HAVE_LINGUA_NN 1
| #define HAVE_LINGUA_PL 1
| #define HAVE_LINGUA_PT 1
| #define HAVE_LINGUA_PT_BR 1
| #define HAVE_LINGUA_RO 1
| #define HAVE_LINGUA_RU 1
| #define HAVE_LINGUA_SK 1
| #define HAVE_LINGUA_SR 1
| #define HAVE_LINGUA_SV 1
| #define HAVE_LINGUA_TA 1
| #define HAVE_LINGUA_TR 1
| #define HAVE_LINGUA_UK 1
| #define HAVE_LINGUA_ZH_CN 1
| #define HAVE_LINGUA_ZH_TW 1
| #define LINGUA_UPTODATE_CA 1
| #define LINGUA_UPTODATE_CS 1
| #define LINGUA_UPTODATE_DA 1
| #define LINGUA_UPTODATE_DE 1
| #define LINGUA_UPTODATE_EN 1
| #define LINGUA_UPTODATE_ES 1
| #define LINGUA_UPTODATE_EU 1
| #define LINGUA_UPTODATE_FA 1
| #define LINGUA_UPTODATE_FR 1
| #define LINGUA_UPTODATE_GL 1
| #define LINGUA_UPTODATE_HU 1
| #define LINGUA_UPTODATE_IT 1
| #define LINGUA_UPTODATE_JA 1
| #define LINGUA_UPTODATE_KO 1
| #define LINGUA_UPTODATE_NB 1
| #define LINGUA_UPTODATE_NL 1
| #define LINGUA_UPTODATE_NN 1
| #define LINGUA_UPTODATE_PL 1
| #define LINGUA_UPTODATE_PT 1
| #define LINGUA_UPTODATE_PT_BR 1
| #define LINGUA_UPTODATE_RU 1
| #define LINGUA_UPTODATE_TR 1
| #define LINGUA_UPTODATE_UK 1
| #define LINGUA_UPTODATE_ZH_CN 1
| #define HAVE_ICONV 1
| #define ENABLE_NLS 1
| #define HAVE_GETTEXT 1
| #define HAVE_DCGETTEXT 1
| #define HAVE_STDIO_H 1
| #define HAVE_STDLIB_H 1
| #define HAVE_STRING_H 1
| #define HAVE_INTTYPES_H 1
| #define HAVE_STDINT_H 1
| #define HAVE_STRINGS_H 1
| #define HAVE_SYS_STAT_H 1
| #define HAVE_SYS_TYPES_H 1
| #define HAVE_UNISTD_H 1
| #define STDC_HEADERS 1
| #define LT_OBJDIR ".libs/"
| #define WIN32 1
| #define HAVE_STDLIB_H 1
| #define HAVE_UNISTD_H 1
| #define HAVE_STRING_H 1
| #define HAVE_STRINGS_H 1
| #define HAVE_ERRNO_H 1
| #define HAVE_STDIO_H 1
| #define HAVE_SYS_STAT_H 1
| #define HAVE_CTYPE_H 1
| #define HAVE_GETOPT_H 1
| #define HAVE_MATH_H 1
| #define HAVE_TIME_H 1
| #define HAVE_SYS_TYPES_H 1
| #define HAVE_FCNTL_H 1
| #define HAVE_DIRENT_H 1
| #define HAVE_SYS_TIME_H 1
| /* end confdefs.h.  */
| #include <stddef.h>
| #ifdef HAVE_STDIO_H
| # include <stdio.h>
| #endif
| #ifdef HAVE_STDLIB_H
| # include <stdlib.h>
| #endif
| #ifdef HAVE_STRING_H
| # include <string.h>
| #endif
| #ifdef HAVE_INTTYPES_H
| # include <inttypes.h>
| #endif
| #ifdef HAVE_STDINT_H
| # include <stdint.h>
| #endif
| #ifdef HAVE_STRINGS_H
| # include <strings.h>
| #endif
| #ifdef HAVE_SYS_TYPES_H
| # include <sys/types.h>
| #endif
| #ifdef HAVE_SYS_STAT_H
| # include <sys/stat.h>
| #endif
| #ifdef HAVE_UNISTD_H
| # include <unistd.h>
| #endif
| #include <sys/msg.h>
configure:18955: result: no
configure:18963: checking for msgrcv
configure:18963: gcc -o conftest.exe -g -O2 -Wall -pipe -Wno-deprecated-declarations -I/mingw64/include  conftest.c  -lintl.dll >&5
C:/msys64/mingw64/bin/../lib/gcc/x86_64-w64-mingw32/14.2.0/../../../../x86_64-w64-mingw32/bin/ld.exe: C:\msys64\tmp\ccdHcpwz.o: in function `main':
C:/Users/yang_/Desktop/Proyecto Calidad Software/bluefish-2.2.17-extended/conftest.c:129:(.text.startup+0xa): undefined reference to `msgrcv'
collect2.exe: error: ld returned 1 exit status
configure:18963: $? = 1
configure: failed program was:
| /* confdefs.h */
| #define PACKAGE_NAME "bluefish"
| #define PACKAGE_TARNAME "bluefish"
| #define PACKAGE_VERSION "2.2.17"
| #define PACKAGE_STRING "bluefish 2.2.17"
| #define PACKAGE_BUGREPORT "https://sourceforge.net/p/bluefish/tickets/"
| #define PACKAGE_URL ""
| #define CONFIGURE_OPTIONS "./configure  'PKG_CONFIG_PATH=/mingw64/lib/pkgconfig:/mingw64/share/pkgconfig'"
| #define PACKAGE "bluefish"
| #define VERSION "2.2.17"
| #define GETTEXT_PACKAGE "bluefish"
| #define HAVE_LINGUA_AR 1
| #define HAVE_LINGUA_BG 1
| #define HAVE_LINGUA_CA 1
| #define HAVE_LINGUA_CS 1
| #define HAVE_LINGUA_DA 1
| #define HAVE_LINGUA_DE 1
| #define HAVE_LINGUA_EL 1
| #define HAVE_LINGUA_EN 1
| #define HAVE_LINGUA_ES 1
| #define HAVE_LINGUA_EU 1
| #define HAVE_LINGUA_FA 1
| #define HAVE_LINGUA_FI 1
| #define HAVE_LINGUA_FR 1
| #define HAVE_LINGUA_GL 1
| #define HAVE_LINGUA_HU 1
| #define HAVE_LINGUA_IT 1
| #define HAVE_LINGUA_JA 1
| #define HAVE_LINGUA_KO 1
| #define HAVE_LINGUA_NB 1
| #define HAVE_LINGUA_NL 1
| #define HAVE_LINGUA_NN 1
| #define HAVE_LINGUA_PL 1
| #define HAVE_LINGUA_PT 1
| #define HAVE_LINGUA_PT_BR 1
| #define HAVE_LINGUA_RO 1
| #define HAVE_LINGUA_RU 1
| #define HAVE_LINGUA_SK 1
| #define HAVE_LINGUA_SR 1
| #define HAVE_LINGUA_SV 1
| #define HAVE_LINGUA_TA 1
| #define HAVE_LINGUA_TR 1
| #define HAVE_LINGUA_UK 1
| #define HAVE_LINGUA_ZH_CN 1
| #define HAVE_LINGUA_ZH_TW 1
| #define LINGUA_UPTODATE_CA 1
| #define LINGUA_UPTODATE_CS 1
| #define LINGUA_UPTODATE_DA 1
| #define LINGUA_UPTODATE_DE 1
| #define LINGUA_UPTODATE_EN 1
| #define LINGUA_UPTODATE_ES 1
| #define LINGUA_UPTODATE_EU 1
| #define LINGUA_UPTODATE_FA 1
| #define LINGUA_UPTODATE_FR 1
| #define LINGUA_UPTODATE_GL 1
| #define LINGUA_UPTODATE_HU 1
| #define LINGUA_UPTODATE_IT 1
| #define LINGUA_UPTODATE_JA 1
| #define LINGUA_UPTODATE_KO 1
| #define LINGUA_UPTODATE_NB 1
| #define LINGUA_UPTODATE_NL 1
| #define LINGUA_UPTODATE_NN 1
| #define LINGUA_UPTODATE_PL 1
| #define LINGUA_UPTODATE_PT 1
| #define LINGUA_UPTODATE_PT_BR 1
| #define LINGUA_UPTODATE_RU 1
| #define LINGUA_UPTODATE_TR 1
| #define LINGUA_UPTODATE_UK 1
| #define LINGUA_UPTODATE_ZH_CN 1
| #define HAVE_ICONV 1
| #define ENABLE_NLS 1
| #define HAVE_GETTEXT 1
| #define HAVE_DCGETTEXT 1
| #define HAVE_STDIO_H 1
| #define HAVE_STDLIB_H 1
| #define HAVE_STRING_H 1
| #define HAVE_INTTYPES_H 1
| #define HAVE_STDINT_H 1
| #define HAVE_STRINGS_H 1
| #define HAVE_SYS_STAT_H 1
| #define HAVE_SYS_TYPES_H 1
| #define HAVE_UNISTD_H 1
| #define STDC_HEADERS 1
| #define LT_OBJDIR ".libs/"
| #define WIN32 1
| #define HAVE_STDLIB_H 1
| #define HAVE_UNISTD_H 1
| #define HAVE_STRING_H 1
| #define HAVE_STRINGS_H 1
| #define HAVE_ERRNO_H 1
| #define HAVE_STDIO_H 1
| #define HAVE_SYS_STAT_H 1
| #define HAVE_CTYPE_H 1
| #define HAVE_GETOPT_H 1
| #define HAVE_MATH_H 1
| #define HAVE_TIME_H 1
| #define HAVE_SYS_TYPES_H 1
| #define HAVE_FCNTL_H 1
| #define HAVE_DIRENT_H 1
| #define HAVE_SYS_TIME_H 1
| /* end confdefs.h.  */
| /* Define msgrcv to an innocuous variant, in case <limits.h> declares msgrcv.
|    For example, HP-UX 11i <limits.h> declares gettimeofday.  */
| #define msgrcv innocuous_msgrcv
| 
| /* System header to define __stub macros and hopefully few prototypes,
|    which can conflict with char msgrcv (void); below.  */
| 
| #include <limits.h>
| #undef msgrcv
| 
| /* Override any GCC internal prototype to avoid an error.
|    Use char because int might match the return type of a GCC
|    builtin and then its argument prototype would still apply.  */
| #ifdef __cplusplus
| extern "C"
| #endif
| char msgrcv (void);
| /* The GNU C library defines this for functions which it implements
|     to always fail with ENOSYS.  Some functions are actually named
|     something starting with __ and the normal name is an alias.  */
| #if defined __stub_msgrcv || defined __stub___msgrcv
| choke me
| #endif
| 
| int
| main (void)
| {
| return msgrcv ();
|   ;
|   return 0;
| }
configure:18963: result: no
configure:18969: checking for msgsnd
configure:18969: gcc -o conftest.exe -g -O2 -Wall -pipe -Wno-deprecated-declarations -I/mingw64/include  conftest.c  -lintl.dll >&5
C:/msys64/mingw64/bin/../lib/gcc/x86_64-w64-mingw32/14.2.0/../../../../x86_64-w64-mingw32/bin/ld.exe: C:\msys64\tmp\ccjEES9S.o: in function `main':
C:/Users/yang_/Desktop/Proyecto Calidad Software/bluefish-2.2.17-extended/conftest.c:129:(.text.startup+0xa): undefined reference to `msgsnd'
collect2.exe: error: ld returned 1 exit status
configure:18969: $? = 1
configure: failed program was:
| /* confdefs.h */
| #define PACKAGE_NAME "bluefish"
| #define PACKAGE_TARNAME "bluefish"
| #define PACKAGE_VERSION "2.2.17"
| #define PACKAGE_STRING "bluefish 2.2.17"
| #define PACKAGE_BUGREPORT "https://sourceforge.net/p/bluefish/tickets/"
| #define PACKAGE_URL ""
| #define CONFIGURE_OPTIONS "./configure  'PKG_CONFIG_PATH=/mingw64/lib/pkgconfig:/mingw64/share/pkgconfig'"
| #define PACKAGE "bluefish"
| #define VERSION "2.2.17"
| #define GETTEXT_PACKAGE "bluefish"
| #define HAVE_LINGUA_AR 1
| #define HAVE_LINGUA_BG 1
| #define HAVE_LINGUA_CA 1
| #define HAVE_LINGUA_CS 1
| #define HAVE_LINGUA_DA 1
| #define HAVE_LINGUA_DE 1
| #define HAVE_LINGUA_EL 1
| #define HAVE_LINGUA_EN 1
| #define HAVE_LINGUA_ES 1
| #define HAVE_LINGUA_EU 1
| #define HAVE_LINGUA_FA 1
| #define HAVE_LINGUA_FI 1
| #define HAVE_LINGUA_FR 1
| #define HAVE_LINGUA_GL 1
| #define HAVE_LINGUA_HU 1
| #define HAVE_LINGUA_IT 1
| #define HAVE_LINGUA_JA 1
| #define HAVE_LINGUA_KO 1
| #define HAVE_LINGUA_NB 1
| #define HAVE_LINGUA_NL 1
| #define HAVE_LINGUA_NN 1
| #define HAVE_LINGUA_PL 1
| #define HAVE_LINGUA_PT 1
| #define HAVE_LINGUA_PT_BR 1
| #define HAVE_LINGUA_RO 1
| #define HAVE_LINGUA_RU 1
| #define HAVE_LINGUA_SK 1
| #define HAVE_LINGUA_SR 1
| #define HAVE_LINGUA_SV 1
| #define HAVE_LINGUA_TA 1
| #define HAVE_LINGUA_TR 1
| #define HAVE_LINGUA_UK 1
| #define HAVE_LINGUA_ZH_CN 1
| #define HAVE_LINGUA_ZH_TW 1
| #define LINGUA_UPTODATE_CA 1
| #define LINGUA_UPTODATE_CS 1
| #define LINGUA_UPTODATE_DA 1
| #define LINGUA_UPTODATE_DE 1
| #define LINGUA_UPTODATE_EN 1
| #define LINGUA_UPTODATE_ES 1
| #define LINGUA_UPTODATE_EU 1
| #define LINGUA_UPTODATE_FA 1
| #define LINGUA_UPTODATE_FR 1
| #define LINGUA_UPTODATE_GL 1
| #define LINGUA_UPTODATE_HU 1
| #define LINGUA_UPTODATE_IT 1
| #define LINGUA_UPTODATE_JA 1
| #define LINGUA_UPTODATE_KO 1
| #define LINGUA_UPTODATE_NB 1
| #define LINGUA_UPTODATE_NL 1
| #define LINGUA_UPTODATE_NN 1
| #define LINGUA_UPTODATE_PL 1
| #define LINGUA_UPTODATE_PT 1
| #define LINGUA_UPTODATE_PT_BR 1
| #define LINGUA_UPTODATE_RU 1
| #define LINGUA_UPTODATE_TR 1
| #define LINGUA_UPTODATE_UK 1
| #define LINGUA_UPTODATE_ZH_CN 1
| #define HAVE_ICONV 1
| #define ENABLE_NLS 1
| #define HAVE_GETTEXT 1
| #define HAVE_DCGETTEXT 1
| #define HAVE_STDIO_H 1
| #define HAVE_STDLIB_H 1
| #define HAVE_STRING_H 1
| #define HAVE_INTTYPES_H 1
| #define HAVE_STDINT_H 1
| #define HAVE_STRINGS_H 1
| #define HAVE_SYS_STAT_H 1
| #define HAVE_SYS_TYPES_H 1
| #define HAVE_UNISTD_H 1
| #define STDC_HEADERS 1
| #define LT_OBJDIR ".libs/"
| #define WIN32 1
| #define HAVE_STDLIB_H 1
| #define HAVE_UNISTD_H 1
| #define HAVE_STRING_H 1
| #define HAVE_STRINGS_H 1
| #define HAVE_ERRNO_H 1
| #define HAVE_STDIO_H 1
| #define HAVE_SYS_STAT_H 1
| #define HAVE_CTYPE_H 1
| #define HAVE_GETOPT_H 1
| #define HAVE_MATH_H 1
| #define HAVE_TIME_H 1
| #define HAVE_SYS_TYPES_H 1
| #define HAVE_FCNTL_H 1
| #define HAVE_DIRENT_H 1
| #define HAVE_SYS_TIME_H 1
| /* end confdefs.h.  */
| /* Define msgsnd to an innocuous variant, in case <limits.h> declares msgsnd.
|    For example, HP-UX 11i <limits.h> declares gettimeofday.  */
| #define msgsnd innocuous_msgsnd
| 
| /* System header to define __stub macros and hopefully few prototypes,
|    which can conflict with char msgsnd (void); below.  */
| 
| #include <limits.h>
| #undef msgsnd
| 
| /* Override any GCC internal prototype to avoid an error.
|    Use char because int might match the return type of a GCC
|    builtin and then its argument prototype would still apply.  */
| #ifdef __cplusplus
| extern "C"
| #endif
| char msgsnd (void);
| /* The GNU C library defines this for functions which it implements
|     to always fail with ENOSYS.  Some functions are actually named
|     something starting with __ and the normal name is an alias.  */
| #if defined __stub_msgsnd || defined __stub___msgsnd
| choke me
| #endif
| 
| int
| main (void)
| {
| return msgsnd ();
|   ;
|   return 0;
| }
configure:18969: result: no
configure:18975: checking for ctime
configure:18975: gcc -o conftest.exe -g -O2 -Wall -pipe -Wno-deprecated-declarations -I/mingw64/include  conftest.c  -lintl.dll >&5
configure:18975: $? = 0
configure:18975: result: yes
configure:18981: checking for ctime_r
configure:18981: gcc -o conftest.exe -g -O2 -Wall -pipe -Wno-deprecated-declarations -I/mingw64/include  conftest.c  -lintl.dll >&5
C:/msys64/mingw64/bin/../lib/gcc/x86_64-w64-mingw32/14.2.0/../../../../x86_64-w64-mingw32/bin/ld.exe: C:\msys64\tmp\ccSLPUwk.o: in function `main':
C:/Users/yang_/Desktop/Proyecto Calidad Software/bluefish-2.2.17-extended/conftest.c:130:(.text.startup+0xa): undefined reference to `ctime_r'
collect2.exe: error: ld returned 1 exit status
configure:18981: $? = 1
configure: failed program was:
| /* confdefs.h */
| #define PACKAGE_NAME "bluefish"
| #define PACKAGE_TARNAME "bluefish"
| #define PACKAGE_VERSION "2.2.17"
| #define PACKAGE_STRING "bluefish 2.2.17"
| #define PACKAGE_BUGREPORT "https://sourceforge.net/p/bluefish/tickets/"
| #define PACKAGE_URL ""
| #define CONFIGURE_OPTIONS "./configure  'PKG_CONFIG_PATH=/mingw64/lib/pkgconfig:/mingw64/share/pkgconfig'"
| #define PACKAGE "bluefish"
| #define VERSION "2.2.17"
| #define GETTEXT_PACKAGE "bluefish"
| #define HAVE_LINGUA_AR 1
| #define HAVE_LINGUA_BG 1
| #define HAVE_LINGUA_CA 1
| #define HAVE_LINGUA_CS 1
| #define HAVE_LINGUA_DA 1
| #define HAVE_LINGUA_DE 1
| #define HAVE_LINGUA_EL 1
| #define HAVE_LINGUA_EN 1
| #define HAVE_LINGUA_ES 1
| #define HAVE_LINGUA_EU 1
| #define HAVE_LINGUA_FA 1
| #define HAVE_LINGUA_FI 1
| #define HAVE_LINGUA_FR 1
| #define HAVE_LINGUA_GL 1
| #define HAVE_LINGUA_HU 1
| #define HAVE_LINGUA_IT 1
| #define HAVE_LINGUA_JA 1
| #define HAVE_LINGUA_KO 1
| #define HAVE_LINGUA_NB 1
| #define HAVE_LINGUA_NL 1
| #define HAVE_LINGUA_NN 1
| #define HAVE_LINGUA_PL 1
| #define HAVE_LINGUA_PT 1
| #define HAVE_LINGUA_PT_BR 1
| #define HAVE_LINGUA_RO 1
| #define HAVE_LINGUA_RU 1
| #define HAVE_LINGUA_SK 1
| #define HAVE_LINGUA_SR 1
| #define HAVE_LINGUA_SV 1
| #define HAVE_LINGUA_TA 1
| #define HAVE_LINGUA_TR 1
| #define HAVE_LINGUA_UK 1
| #define HAVE_LINGUA_ZH_CN 1
| #define HAVE_LINGUA_ZH_TW 1
| #define LINGUA_UPTODATE_CA 1
| #define LINGUA_UPTODATE_CS 1
| #define LINGUA_UPTODATE_DA 1
| #define LINGUA_UPTODATE_DE 1
| #define LINGUA_UPTODATE_EN 1
| #define LINGUA_UPTODATE_ES 1
| #define LINGUA_UPTODATE_EU 1
| #define LINGUA_UPTODATE_FA 1
| #define LINGUA_UPTODATE_FR 1
| #define LINGUA_UPTODATE_GL 1
| #define LINGUA_UPTODATE_HU 1
| #define LINGUA_UPTODATE_IT 1
| #define LINGUA_UPTODATE_JA 1
| #define LINGUA_UPTODATE_KO 1
| #define LINGUA_UPTODATE_NB 1
| #define LINGUA_UPTODATE_NL 1
| #define LINGUA_UPTODATE_NN 1
| #define LINGUA_UPTODATE_PL 1
| #define LINGUA_UPTODATE_PT 1
| #define LINGUA_UPTODATE_PT_BR 1
| #define LINGUA_UPTODATE_RU 1
| #define LINGUA_UPTODATE_TR 1
| #define LINGUA_UPTODATE_UK 1
| #define LINGUA_UPTODATE_ZH_CN 1
| #define HAVE_ICONV 1
| #define ENABLE_NLS 1
| #define HAVE_GETTEXT 1
| #define HAVE_DCGETTEXT 1
| #define HAVE_STDIO_H 1
| #define HAVE_STDLIB_H 1
| #define HAVE_STRING_H 1
| #define HAVE_INTTYPES_H 1
| #define HAVE_STDINT_H 1
| #define HAVE_STRINGS_H 1
| #define HAVE_SYS_STAT_H 1
| #define HAVE_SYS_TYPES_H 1
| #define HAVE_UNISTD_H 1
| #define STDC_HEADERS 1
| #define LT_OBJDIR ".libs/"
| #define WIN32 1
| #define HAVE_STDLIB_H 1
| #define HAVE_UNISTD_H 1
| #define HAVE_STRING_H 1
| #define HAVE_STRINGS_H 1
| #define HAVE_ERRNO_H 1
| #define HAVE_STDIO_H 1
| #define HAVE_SYS_STAT_H 1
| #define HAVE_CTYPE_H 1
| #define HAVE_GETOPT_H 1
| #define HAVE_MATH_H 1
| #define HAVE_TIME_H 1
| #define HAVE_SYS_TYPES_H 1
| #define HAVE_FCNTL_H 1
| #define HAVE_DIRENT_H 1
| #define HAVE_SYS_TIME_H 1
| #define HAVE_CTIME 1
| /* end confdefs.h.  */
| /* Define ctime_r to an innocuous variant, in case <limits.h> declares ctime_r.
|    For example, HP-UX 11i <limits.h> declares gettimeofday.  */
| #define ctime_r innocuous_ctime_r
| 
| /* System header to define __stub macros and hopefully few prototypes,
|    which can conflict with char ctime_r (void); below.  */
| 
| #include <limits.h>
| #undef ctime_r
| 
| /* Override any GCC internal prototype to avoid an error.
|    Use char because int might match the return type of a GCC
|    builtin and then its argument prototype would still apply.  */
| #ifdef __cplusplus
| extern "C"
| #endif
| char ctime_r (void);
| /* The GNU C library defines this for functions which it implements
|     to always fail with ENOSYS.  Some functions are actually named
|     something starting with __ and the normal name is an alias.  */
| #if defined __stub_ctime_r || defined __stub___ctime_r
| choke me
| #endif
| 
| int
| main (void)
| {
| return ctime_r ();
|   ;
|   return 0;
| }
configure:18981: result: no
configure:18987: checking for asctime
configure:18987: gcc -o conftest.exe -g -O2 -Wall -pipe -Wno-deprecated-declarations -I/mingw64/include  conftest.c  -lintl.dll >&5
configure:18987: $? = 0
configure:18987: result: yes
configure:18993: checking for asctime_r
configure:18993: gcc -o conftest.exe -g -O2 -Wall -pipe -Wno-deprecated-declarations -I/mingw64/include  conftest.c  -lintl.dll >&5
C:/msys64/mingw64/bin/../lib/gcc/x86_64-w64-mingw32/14.2.0/../../../../x86_64-w64-mingw32/bin/ld.exe: C:\msys64\tmp\ccaP0WfY.o: in function `main':
C:/Users/yang_/Desktop/Proyecto Calidad Software/bluefish-2.2.17-extended/conftest.c:131:(.text.startup+0xa): undefined reference to `asctime_r'
collect2.exe: error: ld returned 1 exit status
configure:18993: $? = 1
configure: failed program was:
| /* confdefs.h */
| #define PACKAGE_NAME "bluefish"
| #define PACKAGE_TARNAME "bluefish"
| #define PACKAGE_VERSION "2.2.17"
| #define PACKAGE_STRING "bluefish 2.2.17"
| #define PACKAGE_BUGREPORT "https://sourceforge.net/p/bluefish/tickets/"
| #define PACKAGE_URL ""
| #define CONFIGURE_OPTIONS "./configure  'PKG_CONFIG_PATH=/mingw64/lib/pkgconfig:/mingw64/share/pkgconfig'"
| #define PACKAGE "bluefish"
| #define VERSION "2.2.17"
| #define GETTEXT_PACKAGE "bluefish"
| #define HAVE_LINGUA_AR 1
| #define HAVE_LINGUA_BG 1
| #define HAVE_LINGUA_CA 1
| #define HAVE_LINGUA_CS 1
| #define HAVE_LINGUA_DA 1
| #define HAVE_LINGUA_DE 1
| #define HAVE_LINGUA_EL 1
| #define HAVE_LINGUA_EN 1
| #define HAVE_LINGUA_ES 1
| #define HAVE_LINGUA_EU 1
| #define HAVE_LINGUA_FA 1
| #define HAVE_LINGUA_FI 1
| #define HAVE_LINGUA_FR 1
| #define HAVE_LINGUA_GL 1
| #define HAVE_LINGUA_HU 1
| #define HAVE_LINGUA_IT 1
| #define HAVE_LINGUA_JA 1
| #define HAVE_LINGUA_KO 1
| #define HAVE_LINGUA_NB 1
| #define HAVE_LINGUA_NL 1
| #define HAVE_LINGUA_NN 1
| #define HAVE_LINGUA_PL 1
| #define HAVE_LINGUA_PT 1
| #define HAVE_LINGUA_PT_BR 1
| #define HAVE_LINGUA_RO 1
| #define HAVE_LINGUA_RU 1
| #define HAVE_LINGUA_SK 1
| #define HAVE_LINGUA_SR 1
| #define HAVE_LINGUA_SV 1
| #define HAVE_LINGUA_TA 1
| #define HAVE_LINGUA_TR 1
| #define HAVE_LINGUA_UK 1
| #define HAVE_LINGUA_ZH_CN 1
| #define HAVE_LINGUA_ZH_TW 1
| #define LINGUA_UPTODATE_CA 1
| #define LINGUA_UPTODATE_CS 1
| #define LINGUA_UPTODATE_DA 1
| #define LINGUA_UPTODATE_DE 1
| #define LINGUA_UPTODATE_EN 1
| #define LINGUA_UPTODATE_ES 1
| #define LINGUA_UPTODATE_EU 1
| #define LINGUA_UPTODATE_FA 1
| #define LINGUA_UPTODATE_FR 1
| #define LINGUA_UPTODATE_GL 1
| #define LINGUA_UPTODATE_HU 1
| #define LINGUA_UPTODATE_IT 1
| #define LINGUA_UPTODATE_JA 1
| #define LINGUA_UPTODATE_KO 1
| #define LINGUA_UPTODATE_NB 1
| #define LINGUA_UPTODATE_NL 1
| #define LINGUA_UPTODATE_NN 1
| #define LINGUA_UPTODATE_PL 1
| #define LINGUA_UPTODATE_PT 1
| #define LINGUA_UPTODATE_PT_BR 1
| #define LINGUA_UPTODATE_RU 1
| #define LINGUA_UPTODATE_TR 1
| #define LINGUA_UPTODATE_UK 1
| #define LINGUA_UPTODATE_ZH_CN 1
| #define HAVE_ICONV 1
| #define ENABLE_NLS 1
| #define HAVE_GETTEXT 1
| #define HAVE_DCGETTEXT 1
| #define HAVE_STDIO_H 1
| #define HAVE_STDLIB_H 1
| #define HAVE_STRING_H 1
| #define HAVE_INTTYPES_H 1
| #define HAVE_STDINT_H 1
| #define HAVE_STRINGS_H 1
| #define HAVE_SYS_STAT_H 1
| #define HAVE_SYS_TYPES_H 1
| #define HAVE_UNISTD_H 1
| #define STDC_HEADERS 1
| #define LT_OBJDIR ".libs/"
| #define WIN32 1
| #define HAVE_STDLIB_H 1
| #define HAVE_UNISTD_H 1
| #define HAVE_STRING_H 1
| #define HAVE_STRINGS_H 1
| #define HAVE_ERRNO_H 1
| #define HAVE_STDIO_H 1
| #define HAVE_SYS_STAT_H 1
| #define HAVE_CTYPE_H 1
| #define HAVE_GETOPT_H 1
| #define HAVE_MATH_H 1
| #define HAVE_TIME_H 1
| #define HAVE_SYS_TYPES_H 1
| #define HAVE_FCNTL_H 1
| #define HAVE_DIRENT_H 1
| #define HAVE_SYS_TIME_H 1
| #define HAVE_CTIME 1
| #define HAVE_ASCTIME 1
| /* end confdefs.h.  */
| /* Define asctime_r to an innocuous variant, in case <limits.h> declares asctime_r.
|    For example, HP-UX 11i <limits.h> declares gettimeofday.  */
| #define asctime_r innocuous_asctime_r
| 
| /* System header to define __stub macros and hopefully few prototypes,
|    which can conflict with char asctime_r (void); below.  */
| 
| #include <limits.h>
| #undef asctime_r
| 
| /* Override any GCC internal prototype to avoid an error.
|    Use char because int might match the return type of a GCC
|    builtin and then its argument prototype would still apply.  */
| #ifdef __cplusplus
| extern "C"
| #endif
| char asctime_r (void);
| /* The GNU C library defines this for functions which it implements
|     to always fail with ENOSYS.  Some functions are actually named
|     something starting with __ and the normal name is an alias.  */
| #if defined __stub_asctime_r || defined __stub___asctime_r
| choke me
| #endif
| 
| int
| main (void)
| {
| return asctime_r ();
|   ;
|   return 0;
| }
configure:18993: result: no
configure:18999: checking for localtime
configure:18999: gcc -o conftest.exe -g -O2 -Wall -pipe -Wno-deprecated-declarations -I/mingw64/include  conftest.c  -lintl.dll >&5
configure:18999: $? = 0
configure:18999: result: yes
configure:19005: checking for strcasestr
configure:19005: gcc -o conftest.exe -g -O2 -Wall -pipe -Wno-deprecated-declarations -I/mingw64/include  conftest.c  -lintl.dll >&5
C:/msys64/mingw64/bin/../lib/gcc/x86_64-w64-mingw32/14.2.0/../../../../x86_64-w64-mingw32/bin/ld.exe: C:\msys64\tmp\ccDfXE4w.o: in function `main':
C:/Users/yang_/Desktop/Proyecto Calidad Software/bluefish-2.2.17-extended/conftest.c:132:(.text.startup+0xa): undefined reference to `strcasestr'
collect2.exe: error: ld returned 1 exit status
configure:19005: $? = 1
configure: failed program was:
| /* confdefs.h */
| #define PACKAGE_NAME "bluefish"
| #define PACKAGE_TARNAME "bluefish"
| #define PACKAGE_VERSION "2.2.17"
| #define PACKAGE_STRING "bluefish 2.2.17"
| #define PACKAGE_BUGREPORT "https://sourceforge.net/p/bluefish/tickets/"
| #define PACKAGE_URL ""
| #define CONFIGURE_OPTIONS "./configure  'PKG_CONFIG_PATH=/mingw64/lib/pkgconfig:/mingw64/share/pkgconfig'"
| #define PACKAGE "bluefish"
| #define VERSION "2.2.17"
| #define GETTEXT_PACKAGE "bluefish"
| #define HAVE_LINGUA_AR 1
| #define HAVE_LINGUA_BG 1
| #define HAVE_LINGUA_CA 1
| #define HAVE_LINGUA_CS 1
| #define HAVE_LINGUA_DA 1
| #define HAVE_LINGUA_DE 1
| #define HAVE_LINGUA_EL 1
| #define HAVE_LINGUA_EN 1
| #define HAVE_LINGUA_ES 1
| #define HAVE_LINGUA_EU 1
| #define HAVE_LINGUA_FA 1
| #define HAVE_LINGUA_FI 1
| #define HAVE_LINGUA_FR 1
| #define HAVE_LINGUA_GL 1
| #define HAVE_LINGUA_HU 1
| #define HAVE_LINGUA_IT 1
| #define HAVE_LINGUA_JA 1
| #define HAVE_LINGUA_KO 1
| #define HAVE_LINGUA_NB 1
| #define HAVE_LINGUA_NL 1
| #define HAVE_LINGUA_NN 1
| #define HAVE_LINGUA_PL 1
| #define HAVE_LINGUA_PT 1
| #define HAVE_LINGUA_PT_BR 1
| #define HAVE_LINGUA_RO 1
| #define HAVE_LINGUA_RU 1
| #define HAVE_LINGUA_SK 1
| #define HAVE_LINGUA_SR 1
| #define HAVE_LINGUA_SV 1
| #define HAVE_LINGUA_TA 1
| #define HAVE_LINGUA_TR 1
| #define HAVE_LINGUA_UK 1
| #define HAVE_LINGUA_ZH_CN 1
| #define HAVE_LINGUA_ZH_TW 1
| #define LINGUA_UPTODATE_CA 1
| #define LINGUA_UPTODATE_CS 1
| #define LINGUA_UPTODATE_DA 1
| #define LINGUA_UPTODATE_DE 1
| #define LINGUA_UPTODATE_EN 1
| #define LINGUA_UPTODATE_ES 1
| #define LINGUA_UPTODATE_EU 1
| #define LINGUA_UPTODATE_FA 1
| #define LINGUA_UPTODATE_FR 1
| #define LINGUA_UPTODATE_GL 1
| #define LINGUA_UPTODATE_HU 1
| #define LINGUA_UPTODATE_IT 1
| #define LINGUA_UPTODATE_JA 1
| #define LINGUA_UPTODATE_KO 1
| #define LINGUA_UPTODATE_NB 1
| #define LINGUA_UPTODATE_NL 1
| #define LINGUA_UPTODATE_NN 1
| #define LINGUA_UPTODATE_PL 1
| #define LINGUA_UPTODATE_PT 1
| #define LINGUA_UPTODATE_PT_BR 1
| #define LINGUA_UPTODATE_RU 1
| #define LINGUA_UPTODATE_TR 1
| #define LINGUA_UPTODATE_UK 1
| #define LINGUA_UPTODATE_ZH_CN 1
| #define HAVE_ICONV 1
| #define ENABLE_NLS 1
| #define HAVE_GETTEXT 1
| #define HAVE_DCGETTEXT 1
| #define HAVE_STDIO_H 1
| #define HAVE_STDLIB_H 1
| #define HAVE_STRING_H 1
| #define HAVE_INTTYPES_H 1
| #define HAVE_STDINT_H 1
| #define HAVE_STRINGS_H 1
| #define HAVE_SYS_STAT_H 1
| #define HAVE_SYS_TYPES_H 1
| #define HAVE_UNISTD_H 1
| #define STDC_HEADERS 1
| #define LT_OBJDIR ".libs/"
| #define WIN32 1
| #define HAVE_STDLIB_H 1
| #define HAVE_UNISTD_H 1
| #define HAVE_STRING_H 1
| #define HAVE_STRINGS_H 1
| #define HAVE_ERRNO_H 1
| #define HAVE_STDIO_H 1
| #define HAVE_SYS_STAT_H 1
| #define HAVE_CTYPE_H 1
| #define HAVE_GETOPT_H 1
| #define HAVE_MATH_H 1
| #define HAVE_TIME_H 1
| #define HAVE_SYS_TYPES_H 1
| #define HAVE_FCNTL_H 1
| #define HAVE_DIRENT_H 1
| #define HAVE_SYS_TIME_H 1
| #define HAVE_CTIME 1
| #define HAVE_ASCTIME 1
| #define HAVE_LOCALTIME 1
| /* end confdefs.h.  */
| /* Define strcasestr to an innocuous variant, in case <limits.h> declares strcasestr.
|    For example, HP-UX 11i <limits.h> declares gettimeofday.  */
| #define strcasestr innocuous_strcasestr
| 
| /* System header to define __stub macros and hopefully few prototypes,
|    which can conflict with char strcasestr (void); below.  */
| 
| #include <limits.h>
| #undef strcasestr
| 
| /* Override any GCC internal prototype to avoid an error.
|    Use char because int might match the return type of a GCC
|    builtin and then its argument prototype would still apply.  */
| #ifdef __cplusplus
| extern "C"
| #endif
| char strcasestr (void);
| /* The GNU C library defines this for functions which it implements
|     to always fail with ENOSYS.  Some functions are actually named
|     something starting with __ and the normal name is an alias.  */
| #if defined __stub_strcasestr || defined __stub___strcasestr
| choke me
| #endif
| 
| int
| main (void)
| {
| return strcasestr ();
|   ;
|   return 0;
| }
configure:19005: result: no
configure:19014: checking for library containing bind
configure:19050: gcc -o conftest.exe -g -O2 -Wall -pipe -Wno-deprecated-declarations -I/mingw64/include  conftest.c  -lintl.dll >&5
C:/msys64/mingw64/bin/../lib/gcc/x86_64-w64-mingw32/14.2.0/../../../../x86_64-w64-mingw32/bin/ld.exe: C:\msys64\tmp\ccjFJ623.o: in function `main':
C:/Users/yang_/Desktop/Proyecto Calidad Software/bluefish-2.2.17-extended/conftest.c:119:(.text.startup+0xa): undefined reference to `bind'
collect2.exe: error: ld returned 1 exit status
configure:19050: $? = 1
configure: failed program was:
| /* confdefs.h */
| #define PACKAGE_NAME "bluefish"
| #define PACKAGE_TARNAME "bluefish"
| #define PACKAGE_VERSION "2.2.17"
| #define PACKAGE_STRING "bluefish 2.2.17"
| #define PACKAGE_BUGREPORT "https://sourceforge.net/p/bluefish/tickets/"
| #define PACKAGE_URL ""
| #define CONFIGURE_OPTIONS "./configure  'PKG_CONFIG_PATH=/mingw64/lib/pkgconfig:/mingw64/share/pkgconfig'"
| #define PACKAGE "bluefish"
| #define VERSION "2.2.17"
| #define GETTEXT_PACKAGE "bluefish"
| #define HAVE_LINGUA_AR 1
| #define HAVE_LINGUA_BG 1
| #define HAVE_LINGUA_CA 1
| #define HAVE_LINGUA_CS 1
| #define HAVE_LINGUA_DA 1
| #define HAVE_LINGUA_DE 1
| #define HAVE_LINGUA_EL 1
| #define HAVE_LINGUA_EN 1
| #define HAVE_LINGUA_ES 1
| #define HAVE_LINGUA_EU 1
| #define HAVE_LINGUA_FA 1
| #define HAVE_LINGUA_FI 1
| #define HAVE_LINGUA_FR 1
| #define HAVE_LINGUA_GL 1
| #define HAVE_LINGUA_HU 1
| #define HAVE_LINGUA_IT 1
| #define HAVE_LINGUA_JA 1
| #define HAVE_LINGUA_KO 1
| #define HAVE_LINGUA_NB 1
| #define HAVE_LINGUA_NL 1
| #define HAVE_LINGUA_NN 1
| #define HAVE_LINGUA_PL 1
| #define HAVE_LINGUA_PT 1
| #define HAVE_LINGUA_PT_BR 1
| #define HAVE_LINGUA_RO 1
| #define HAVE_LINGUA_RU 1
| #define HAVE_LINGUA_SK 1
| #define HAVE_LINGUA_SR 1
| #define HAVE_LINGUA_SV 1
| #define HAVE_LINGUA_TA 1
| #define HAVE_LINGUA_TR 1
| #define HAVE_LINGUA_UK 1
| #define HAVE_LINGUA_ZH_CN 1
| #define HAVE_LINGUA_ZH_TW 1
| #define LINGUA_UPTODATE_CA 1
| #define LINGUA_UPTODATE_CS 1
| #define LINGUA_UPTODATE_DA 1
| #define LINGUA_UPTODATE_DE 1
| #define LINGUA_UPTODATE_EN 1
| #define LINGUA_UPTODATE_ES 1
| #define LINGUA_UPTODATE_EU 1
| #define LINGUA_UPTODATE_FA 1
| #define LINGUA_UPTODATE_FR 1
| #define LINGUA_UPTODATE_GL 1
| #define LINGUA_UPTODATE_HU 1
| #define LINGUA_UPTODATE_IT 1
| #define LINGUA_UPTODATE_JA 1
| #define LINGUA_UPTODATE_KO 1
| #define LINGUA_UPTODATE_NB 1
| #define LINGUA_UPTODATE_NL 1
| #define LINGUA_UPTODATE_NN 1
| #define LINGUA_UPTODATE_PL 1
| #define LINGUA_UPTODATE_PT 1
| #define LINGUA_UPTODATE_PT_BR 1
| #define LINGUA_UPTODATE_RU 1
| #define LINGUA_UPTODATE_TR 1
| #define LINGUA_UPTODATE_UK 1
| #define LINGUA_UPTODATE_ZH_CN 1
| #define HAVE_ICONV 1
| #define ENABLE_NLS 1
| #define HAVE_GETTEXT 1
| #define HAVE_DCGETTEXT 1
| #define HAVE_STDIO_H 1
| #define HAVE_STDLIB_H 1
| #define HAVE_STRING_H 1
| #define HAVE_INTTYPES_H 1
| #define HAVE_STDINT_H 1
| #define HAVE_STRINGS_H 1
| #define HAVE_SYS_STAT_H 1
| #define HAVE_SYS_TYPES_H 1
| #define HAVE_UNISTD_H 1
| #define STDC_HEADERS 1
| #define LT_OBJDIR ".libs/"
| #define WIN32 1
| #define HAVE_STDLIB_H 1
| #define HAVE_UNISTD_H 1
| #define HAVE_STRING_H 1
| #define HAVE_STRINGS_H 1
| #define HAVE_ERRNO_H 1
| #define HAVE_STDIO_H 1
| #define HAVE_SYS_STAT_H 1
| #define HAVE_CTYPE_H 1
| #define HAVE_GETOPT_H 1
| #define HAVE_MATH_H 1
| #define HAVE_TIME_H 1
| #define HAVE_SYS_TYPES_H 1
| #define HAVE_FCNTL_H 1
| #define HAVE_DIRENT_H 1
| #define HAVE_SYS_TIME_H 1
| #define HAVE_CTIME 1
| #define HAVE_ASCTIME 1
| #define HAVE_LOCALTIME 1
| /* end confdefs.h.  */
| 
| /* Override any GCC internal prototype to avoid an error.
|    Use char because int might match the return type of a GCC
|    builtin and then its argument prototype would still apply.
|    The 'extern "C"' is for builds by C++ compilers;
|    although this is not generally supported in C code supporting it here
|    has little cost and some practical benefit (sr 110532).  */
| #ifdef __cplusplus
| extern "C"
| #endif
| char bind (void);
| int
| main (void)
| {
| return bind ();
|   ;
|   return 0;
| }
configure:19050: gcc -o conftest.exe -g -O2 -Wall -pipe -Wno-deprecated-declarations -I/mingw64/include  conftest.c -lsocket   -lintl.dll >&5
C:/msys64/mingw64/bin/../lib/gcc/x86_64-w64-mingw32/14.2.0/../../../../x86_64-w64-mingw32/bin/ld.exe: cannot find -lsocket: No such file or directory
collect2.exe: error: ld returned 1 exit status
configure:19050: $? = 1
configure: failed program was:
| /* confdefs.h */
| #define PACKAGE_NAME "bluefish"
| #define PACKAGE_TARNAME "bluefish"
| #define PACKAGE_VERSION "2.2.17"
| #define PACKAGE_STRING "bluefish 2.2.17"
| #define PACKAGE_BUGREPORT "https://sourceforge.net/p/bluefish/tickets/"
| #define PACKAGE_URL ""
| #define CONFIGURE_OPTIONS "./configure  'PKG_CONFIG_PATH=/mingw64/lib/pkgconfig:/mingw64/share/pkgconfig'"
| #define PACKAGE "bluefish"
| #define VERSION "2.2.17"
| #define GETTEXT_PACKAGE "bluefish"
| #define HAVE_LINGUA_AR 1
| #define HAVE_LINGUA_BG 1
| #define HAVE_LINGUA_CA 1
| #define HAVE_LINGUA_CS 1
| #define HAVE_LINGUA_DA 1
| #define HAVE_LINGUA_DE 1
| #define HAVE_LINGUA_EL 1
| #define HAVE_LINGUA_EN 1
| #define HAVE_LINGUA_ES 1
| #define HAVE_LINGUA_EU 1
| #define HAVE_LINGUA_FA 1
| #define HAVE_LINGUA_FI 1
| #define HAVE_LINGUA_FR 1
| #define HAVE_LINGUA_GL 1
| #define HAVE_LINGUA_HU 1
| #define HAVE_LINGUA_IT 1
| #define HAVE_LINGUA_JA 1
| #define HAVE_LINGUA_KO 1
| #define HAVE_LINGUA_NB 1
| #define HAVE_LINGUA_NL 1
| #define HAVE_LINGUA_NN 1
| #define HAVE_LINGUA_PL 1
| #define HAVE_LINGUA_PT 1
| #define HAVE_LINGUA_PT_BR 1
| #define HAVE_LINGUA_RO 1
| #define HAVE_LINGUA_RU 1
| #define HAVE_LINGUA_SK 1
| #define HAVE_LINGUA_SR 1
| #define HAVE_LINGUA_SV 1
| #define HAVE_LINGUA_TA 1
| #define HAVE_LINGUA_TR 1
| #define HAVE_LINGUA_UK 1
| #define HAVE_LINGUA_ZH_CN 1
| #define HAVE_LINGUA_ZH_TW 1
| #define LINGUA_UPTODATE_CA 1
| #define LINGUA_UPTODATE_CS 1
| #define LINGUA_UPTODATE_DA 1
| #define LINGUA_UPTODATE_DE 1
| #define LINGUA_UPTODATE_EN 1
| #define LINGUA_UPTODATE_ES 1
| #define LINGUA_UPTODATE_EU 1
| #define LINGUA_UPTODATE_FA 1
| #define LINGUA_UPTODATE_FR 1
| #define LINGUA_UPTODATE_GL 1
| #define LINGUA_UPTODATE_HU 1
| #define LINGUA_UPTODATE_IT 1
| #define LINGUA_UPTODATE_JA 1
| #define LINGUA_UPTODATE_KO 1
| #define LINGUA_UPTODATE_NB 1
| #define LINGUA_UPTODATE_NL 1
| #define LINGUA_UPTODATE_NN 1
| #define LINGUA_UPTODATE_PL 1
| #define LINGUA_UPTODATE_PT 1
| #define LINGUA_UPTODATE_PT_BR 1
| #define LINGUA_UPTODATE_RU 1
| #define LINGUA_UPTODATE_TR 1
| #define LINGUA_UPTODATE_UK 1
| #define LINGUA_UPTODATE_ZH_CN 1
| #define HAVE_ICONV 1
| #define ENABLE_NLS 1
| #define HAVE_GETTEXT 1
| #define HAVE_DCGETTEXT 1
| #define HAVE_STDIO_H 1
| #define HAVE_STDLIB_H 1
| #define HAVE_STRING_H 1
| #define HAVE_INTTYPES_H 1
| #define HAVE_STDINT_H 1
| #define HAVE_STRINGS_H 1
| #define HAVE_SYS_STAT_H 1
| #define HAVE_SYS_TYPES_H 1
| #define HAVE_UNISTD_H 1
| #define STDC_HEADERS 1
| #define LT_OBJDIR ".libs/"
| #define WIN32 1
| #define HAVE_STDLIB_H 1
| #define HAVE_UNISTD_H 1
| #define HAVE_STRING_H 1
| #define HAVE_STRINGS_H 1
| #define HAVE_ERRNO_H 1
| #define HAVE_STDIO_H 1
| #define HAVE_SYS_STAT_H 1
| #define HAVE_CTYPE_H 1
| #define HAVE_GETOPT_H 1
| #define HAVE_MATH_H 1
| #define HAVE_TIME_H 1
| #define HAVE_SYS_TYPES_H 1
| #define HAVE_FCNTL_H 1
| #define HAVE_DIRENT_H 1
| #define HAVE_SYS_TIME_H 1
| #define HAVE_CTIME 1
| #define HAVE_ASCTIME 1
| #define HAVE_LOCALTIME 1
| /* end confdefs.h.  */
| 
| /* Override any GCC internal prototype to avoid an error.
|    Use char because int might match the return type of a GCC
|    builtin and then its argument prototype would still apply.
|    The 'extern "C"' is for builds by C++ compilers;
|    although this is not generally supported in C code supporting it here
|    has little cost and some practical benefit (sr 110532).  */
| #ifdef __cplusplus
| extern "C"
| #endif
| char bind (void);
| int
| main (void)
| {
| return bind ();
|   ;
|   return 0;
| }
configure:19050: gcc -o conftest.exe -g -O2 -Wall -pipe -Wno-deprecated-declarations -I/mingw64/include  conftest.c -lws2_32   -lintl.dll >&5
configure:19050: $? = 0
configure:19070: result: -lws2_32
configure:19084: checking for bind
configure:19084: gcc -o conftest.exe -g -O2 -Wall -pipe -Wno-deprecated-declarations -I/mingw64/include  conftest.c -lws2_32  -lintl.dll >&5
configure:19084: $? = 0
configure:19084: result: yes
configure:19084: checking for socket
configure:19084: gcc -o conftest.exe -g -O2 -Wall -pipe -Wno-deprecated-declarations -I/mingw64/include  conftest.c -lws2_32  -lintl.dll >&5
configure:19084: $? = 0
configure:19084: result: yes
configure:19084: checking for accept
configure:19084: gcc -o conftest.exe -g -O2 -Wall -pipe -Wno-deprecated-declarations -I/mingw64/include  conftest.c -lws2_32  -lintl.dll >&5
configure:19084: $? = 0
configure:19084: result: yes
configure:19158: checking for pkg-config
configure:19181: found /mingw64/bin/pkg-config
configure:19193: result: /mingw64/bin/pkg-config
configure:19218: checking pkg-config is at least version 0.9.0
configure:19221: result: yes
configure:19252: $PKG_CONFIG --exists --print-errors "$BF_dependencies"
configure:19255: $? = 0
configure:19295: checking for optional libenchant development files
configure:19298: $PKG_CONFIG --exists --print-errors "enchant"
Package enchant was not found in the pkg-config search path.
Perhaps you should add the directory containing `enchant.pc'
to the PKG_CONFIG_PATH environment variable
Package 'enchant' not found
configure:19301: $? = 1
configure:19327: checking for enchant.h
configure:19327: gcc -c -g -O2 -Wall -pipe -Wno-deprecated-declarations -I/mingw64/include conftest.c >&5
conftest.c:136:10: fatal error: enchant.h: No such file or directory
  136 | #include <enchant.h>
      |          ^~~~~~~~~~~
compilation terminated.
configure:19327: $? = 1
configure: failed program was:
| /* confdefs.h */
| #define PACKAGE_NAME "bluefish"
| #define PACKAGE_TARNAME "bluefish"
| #define PACKAGE_VERSION "2.2.17"
| #define PACKAGE_STRING "bluefish 2.2.17"
| #define PACKAGE_BUGREPORT "https://sourceforge.net/p/bluefish/tickets/"
| #define PACKAGE_URL ""
| #define CONFIGURE_OPTIONS "./configure  'PKG_CONFIG_PATH=/mingw64/lib/pkgconfig:/mingw64/share/pkgconfig'"
| #define PACKAGE "bluefish"
| #define VERSION "2.2.17"
| #define GETTEXT_PACKAGE "bluefish"
| #define HAVE_LINGUA_AR 1
| #define HAVE_LINGUA_BG 1
| #define HAVE_LINGUA_CA 1
| #define HAVE_LINGUA_CS 1
| #define HAVE_LINGUA_DA 1
| #define HAVE_LINGUA_DE 1
| #define HAVE_LINGUA_EL 1
| #define HAVE_LINGUA_EN 1
| #define HAVE_LINGUA_ES 1
| #define HAVE_LINGUA_EU 1
| #define HAVE_LINGUA_FA 1
| #define HAVE_LINGUA_FI 1
| #define HAVE_LINGUA_FR 1
| #define HAVE_LINGUA_GL 1
| #define HAVE_LINGUA_HU 1
| #define HAVE_LINGUA_IT 1
| #define HAVE_LINGUA_JA 1
| #define HAVE_LINGUA_KO 1
| #define HAVE_LINGUA_NB 1
| #define HAVE_LINGUA_NL 1
| #define HAVE_LINGUA_NN 1
| #define HAVE_LINGUA_PL 1
| #define HAVE_LINGUA_PT 1
| #define HAVE_LINGUA_PT_BR 1
| #define HAVE_LINGUA_RO 1
| #define HAVE_LINGUA_RU 1
| #define HAVE_LINGUA_SK 1
| #define HAVE_LINGUA_SR 1
| #define HAVE_LINGUA_SV 1
| #define HAVE_LINGUA_TA 1
| #define HAVE_LINGUA_TR 1
| #define HAVE_LINGUA_UK 1
| #define HAVE_LINGUA_ZH_CN 1
| #define HAVE_LINGUA_ZH_TW 1
| #define LINGUA_UPTODATE_CA 1
| #define LINGUA_UPTODATE_CS 1
| #define LINGUA_UPTODATE_DA 1
| #define LINGUA_UPTODATE_DE 1
| #define LINGUA_UPTODATE_EN 1
| #define LINGUA_UPTODATE_ES 1
| #define LINGUA_UPTODATE_EU 1
| #define LINGUA_UPTODATE_FA 1
| #define LINGUA_UPTODATE_FR 1
| #define LINGUA_UPTODATE_GL 1
| #define LINGUA_UPTODATE_HU 1
| #define LINGUA_UPTODATE_IT 1
| #define LINGUA_UPTODATE_JA 1
| #define LINGUA_UPTODATE_KO 1
| #define LINGUA_UPTODATE_NB 1
| #define LINGUA_UPTODATE_NL 1
| #define LINGUA_UPTODATE_NN 1
| #define LINGUA_UPTODATE_PL 1
| #define LINGUA_UPTODATE_PT 1
| #define LINGUA_UPTODATE_PT_BR 1
| #define LINGUA_UPTODATE_RU 1
| #define LINGUA_UPTODATE_TR 1
| #define LINGUA_UPTODATE_UK 1
| #define LINGUA_UPTODATE_ZH_CN 1
| #define HAVE_ICONV 1
| #define ENABLE_NLS 1
| #define HAVE_GETTEXT 1
| #define HAVE_DCGETTEXT 1
| #define HAVE_STDIO_H 1
| #define HAVE_STDLIB_H 1
| #define HAVE_STRING_H 1
| #define HAVE_INTTYPES_H 1
| #define HAVE_STDINT_H 1
| #define HAVE_STRINGS_H 1
| #define HAVE_SYS_STAT_H 1
| #define HAVE_SYS_TYPES_H 1
| #define HAVE_UNISTD_H 1
| #define STDC_HEADERS 1
| #define LT_OBJDIR ".libs/"
| #define WIN32 1
| #define HAVE_STDLIB_H 1
| #define HAVE_UNISTD_H 1
| #define HAVE_STRING_H 1
| #define HAVE_STRINGS_H 1
| #define HAVE_ERRNO_H 1
| #define HAVE_STDIO_H 1
| #define HAVE_SYS_STAT_H 1
| #define HAVE_CTYPE_H 1
| #define HAVE_GETOPT_H 1
| #define HAVE_MATH_H 1
| #define HAVE_TIME_H 1
| #define HAVE_SYS_TYPES_H 1
| #define HAVE_FCNTL_H 1
| #define HAVE_DIRENT_H 1
| #define HAVE_SYS_TIME_H 1
| #define HAVE_CTIME 1
| #define HAVE_ASCTIME 1
| #define HAVE_LOCALTIME 1
| #define HAVE_BIND 1
| #define HAVE_SOCKET 1
| #define HAVE_ACCEPT 1
| /* end confdefs.h.  */
| #include <stddef.h>
| #ifdef HAVE_STDIO_H
| # include <stdio.h>
| #endif
| #ifdef HAVE_STDLIB_H
| # include <stdlib.h>
| #endif
| #ifdef HAVE_STRING_H
| # include <string.h>
| #endif
| #ifdef HAVE_INTTYPES_H
| # include <inttypes.h>
| #endif
| #ifdef HAVE_STDINT_H
| # include <stdint.h>
| #endif
| #ifdef HAVE_STRINGS_H
| # include <strings.h>
| #endif
| #ifdef HAVE_SYS_TYPES_H
| # include <sys/types.h>
| #endif
| #ifdef HAVE_SYS_STAT_H
| # include <sys/stat.h>
| #endif
| #ifdef HAVE_UNISTD_H
| # include <unistd.h>
| #endif
| #include <enchant.h>
configure:19327: result: no
configure:19327: checking for enchant/enchant.h
configure:19327: gcc -c -g -O2 -Wall -pipe -Wno-deprecated-declarations -I/mingw64/include conftest.c >&5
conftest.c:136:10: fatal error: enchant/enchant.h: No such file or directory
  136 | #include <enchant/enchant.h>
      |          ^~~~~~~~~~~~~~~~~~~
compilation terminated.
configure:19327: $? = 1
configure: failed program was:
| /* confdefs.h */
| #define PACKAGE_NAME "bluefish"
| #define PACKAGE_TARNAME "bluefish"
| #define PACKAGE_VERSION "2.2.17"
| #define PACKAGE_STRING "bluefish 2.2.17"
| #define PACKAGE_BUGREPORT "https://sourceforge.net/p/bluefish/tickets/"
| #define PACKAGE_URL ""
| #define CONFIGURE_OPTIONS "./configure  'PKG_CONFIG_PATH=/mingw64/lib/pkgconfig:/mingw64/share/pkgconfig'"
| #define PACKAGE "bluefish"
| #define VERSION "2.2.17"
| #define GETTEXT_PACKAGE "bluefish"
| #define HAVE_LINGUA_AR 1
| #define HAVE_LINGUA_BG 1
| #define HAVE_LINGUA_CA 1
| #define HAVE_LINGUA_CS 1
| #define HAVE_LINGUA_DA 1
| #define HAVE_LINGUA_DE 1
| #define HAVE_LINGUA_EL 1
| #define HAVE_LINGUA_EN 1
| #define HAVE_LINGUA_ES 1
| #define HAVE_LINGUA_EU 1
| #define HAVE_LINGUA_FA 1
| #define HAVE_LINGUA_FI 1
| #define HAVE_LINGUA_FR 1
| #define HAVE_LINGUA_GL 1
| #define HAVE_LINGUA_HU 1
| #define HAVE_LINGUA_IT 1
| #define HAVE_LINGUA_JA 1
| #define HAVE_LINGUA_KO 1
| #define HAVE_LINGUA_NB 1
| #define HAVE_LINGUA_NL 1
| #define HAVE_LINGUA_NN 1
| #define HAVE_LINGUA_PL 1
| #define HAVE_LINGUA_PT 1
| #define HAVE_LINGUA_PT_BR 1
| #define HAVE_LINGUA_RO 1
| #define HAVE_LINGUA_RU 1
| #define HAVE_LINGUA_SK 1
| #define HAVE_LINGUA_SR 1
| #define HAVE_LINGUA_SV 1
| #define HAVE_LINGUA_TA 1
| #define HAVE_LINGUA_TR 1
| #define HAVE_LINGUA_UK 1
| #define HAVE_LINGUA_ZH_CN 1
| #define HAVE_LINGUA_ZH_TW 1
| #define LINGUA_UPTODATE_CA 1
| #define LINGUA_UPTODATE_CS 1
| #define LINGUA_UPTODATE_DA 1
| #define LINGUA_UPTODATE_DE 1
| #define LINGUA_UPTODATE_EN 1
| #define LINGUA_UPTODATE_ES 1
| #define LINGUA_UPTODATE_EU 1
| #define LINGUA_UPTODATE_FA 1
| #define LINGUA_UPTODATE_FR 1
| #define LINGUA_UPTODATE_GL 1
| #define LINGUA_UPTODATE_HU 1
| #define LINGUA_UPTODATE_IT 1
| #define LINGUA_UPTODATE_JA 1
| #define LINGUA_UPTODATE_KO 1
| #define LINGUA_UPTODATE_NB 1
| #define LINGUA_UPTODATE_NL 1
| #define LINGUA_UPTODATE_NN 1
| #define LINGUA_UPTODATE_PL 1
| #define LINGUA_UPTODATE_PT 1
| #define LINGUA_UPTODATE_PT_BR 1
| #define LINGUA_UPTODATE_RU 1
| #define LINGUA_UPTODATE_TR 1
| #define LINGUA_UPTODATE_UK 1
| #define LINGUA_UPTODATE_ZH_CN 1
| #define HAVE_ICONV 1
| #define ENABLE_NLS 1
| #define HAVE_GETTEXT 1
| #define HAVE_DCGETTEXT 1
| #define HAVE_STDIO_H 1
| #define HAVE_STDLIB_H 1
| #define HAVE_STRING_H 1
| #define HAVE_INTTYPES_H 1
| #define HAVE_STDINT_H 1
| #define HAVE_STRINGS_H 1
| #define HAVE_SYS_STAT_H 1
| #define HAVE_SYS_TYPES_H 1
| #define HAVE_UNISTD_H 1
| #define STDC_HEADERS 1
| #define LT_OBJDIR ".libs/"
| #define WIN32 1
| #define HAVE_STDLIB_H 1
| #define HAVE_UNISTD_H 1
| #define HAVE_STRING_H 1
| #define HAVE_STRINGS_H 1
| #define HAVE_ERRNO_H 1
| #define HAVE_STDIO_H 1
| #define HAVE_SYS_STAT_H 1
| #define HAVE_CTYPE_H 1
| #define HAVE_GETOPT_H 1
| #define HAVE_MATH_H 1
| #define HAVE_TIME_H 1
| #define HAVE_SYS_TYPES_H 1
| #define HAVE_FCNTL_H 1
| #define HAVE_DIRENT_H 1
| #define HAVE_SYS_TIME_H 1
| #define HAVE_CTIME 1
| #define HAVE_ASCTIME 1
| #define HAVE_LOCALTIME 1
| #define HAVE_BIND 1
| #define HAVE_SOCKET 1
| #define HAVE_ACCEPT 1
| /* end confdefs.h.  */
| #include <stddef.h>
| #ifdef HAVE_STDIO_H
| # include <stdio.h>
| #endif
| #ifdef HAVE_STDLIB_H
| # include <stdlib.h>
| #endif
| #ifdef HAVE_STRING_H
| # include <string.h>
| #endif
| #ifdef HAVE_INTTYPES_H
| # include <inttypes.h>
| #endif
| #ifdef HAVE_STDINT_H
| # include <stdint.h>
| #endif
| #ifdef HAVE_STRINGS_H
| # include <strings.h>
| #endif
| #ifdef HAVE_SYS_TYPES_H
| # include <sys/types.h>
| #endif
| #ifdef HAVE_SYS_STAT_H
| # include <sys/stat.h>
| #endif
| #ifdef HAVE_UNISTD_H
| # include <unistd.h>
| #endif
| #include <enchant/enchant.h>
configure:19327: result: no
configure:19391: checking for optional libenchant-2 development files
configure:19394: $PKG_CONFIG --exists --print-errors "enchant-2"
Package enchant-2 was not found in the pkg-config search path.
Perhaps you should add the directory containing `enchant-2.pc'
to the PKG_CONFIG_PATH environment variable
Package 'enchant-2' not found
configure:19397: $? = 1
configure:19412: result: no
configure:19418: checking for required development files
configure:19422: checking for gtk+-3.0 >= 3.2.2 gdk-3.0 glib-2.0 >= 2.24 gmodule-2.0 >= 2.24 gobject-2.0 pango gdk-pixbuf-2.0 gio-2.0 >= 2.24 gthread-2.0 libxml-2.0
configure:19429: $PKG_CONFIG --exists --print-errors "$BF_dependencies"
configure:19432: $? = 0
configure:19446: $PKG_CONFIG --exists --print-errors "$BF_dependencies"
configure:19449: $? = 0
configure:19507: result: yes
configure:19514: checking for Mac OSX integration
configure:19622: result: no
configure:19628: checking for optional libgucharmap development files
configure:19633: checking for gucharmap-2.90
configure:19640: $PKG_CONFIG --exists --print-errors "gucharmap-2.90"
Package gucharmap-2.90 was not found in the pkg-config search path.
Perhaps you should add the directory containing `gucharmap-2.90.pc'
to the PKG_CONFIG_PATH environment variable
Package 'gucharmap-2.90' not found
configure:19643: $? = 1
configure:19657: $PKG_CONFIG --exists --print-errors "gucharmap-2.90"
Package gucharmap-2.90 was not found in the pkg-config search path.
Perhaps you should add the directory containing `gucharmap-2.90.pc'
to the PKG_CONFIG_PATH environment variable
Package 'gucharmap-2.90' not found
configure:19660: $? = 1
configure:19674: result: no
Package 'gucharmap-2.90' not found
configure:19692: WARNING: Disabling the building of the charmap plugin.
configure:19694: WARNING: Install gucharmap/gucharmap2.90 (>= 2.90) library/headers to build the plugin.
configure:19988: checking for library containing log10
configure:20024: gcc -o conftest.exe -g -O2 -Wall -pipe -Wno-deprecated-declarations -I/mingw64/include  conftest.c -lws2_32  -lintl.dll >&5
conftest.c:118:6: warning: conflicting types for built-in function 'log10'; expected 'double(double)' [-Wbuiltin-declaration-mismatch]
  118 | char log10 (void);
      |      ^~~~~
conftest.c:1:1: note: 'log10' is declared in header '<math.h>'
    1 | /* confdefs.h */
configure:20024: $? = 0
configure:20044: result: none required
configure:20053: checking for library containing nanosleep
configure:20089: gcc -o conftest.exe -g -O2 -Wall -pipe -Wno-deprecated-declarations -I/mingw64/include  conftest.c -lws2_32  -lintl.dll >&5
configure:20089: $? = 0
configure:20109: result: none required
configure:20130: searching for different python versions
configure:20169: checking for a Python interpreter with version >= 3.3
configure:20187: python -c import sys # split strings by '.' and convert to numeric. Append some zeros # because we need at least 4 digits for the hex conversion. # map returns an iterator in Python 3.0 and a list in 2.x minver = list(map(int, '3.3'.split('.'))) + [0, 0, 0] minverhex = 0 # xrange is not present in Python 3.0 and range returns an iterator for i in list(range(0, 4)): minverhex = (minverhex << 8) + minver[i] sys.exit(sys.hexversion < minverhex)
configure:20190: $? = 0
configure:20197: result: python
configure:20205: checking for python
configure:20228: found /mingw64/bin/python
configure:20240: result: /mingw64/bin/python
configure:20262: checking for python version
configure:20270: result: 3.12
configure:20275: checking for python platform
configure:20283: result: win32
configure:20344: checking for GNU default python prefix
configure:20346: result: ${prefix}
configure:20412: checking for GNU default python exec_prefix
configure:20414: result: ${exec_prefix}
configure:20445: checking for python script directory (pythondir)
configure:20480: result: ${PYTHON_PREFIX}/lib/python3.12/site-packages
configure:20488: checking for python extension module directory (pyexecdir)
configure:20523: result: ${PYTHON_EXEC_PREFIX}/lib/python3.12/site-packages
configure:20531: found python > 3.3
configure:20603: checking for python version
configure:20611: result: 3.12
configure:20616: checking for python platform
configure:20624: result: win32
configure:20685: checking for GNU default python prefix
configure:20687: result: ${prefix}
configure:20753: checking for GNU default python exec_prefix
configure:20755: result: ${exec_prefix}
configure:20786: checking for python script directory (pythondir)
configure:20821: result: ${PYTHON_PREFIX}/lib/python3.12/site-packages
configure:20829: checking for python extension module directory (pyexecdir)
configure:20864: result: ${PYTHON_EXEC_PREFIX}/lib/python3.12/site-packages
configure:20886: checking for python3.12-config
configure:20909: found /mingw64/bin/python3.12-config
configure:20921: result: /mingw64/bin/python3.12-config
configure:20940: checking python include flags
configure:20943: result: -IC:/msys64/mingw64/include/python3.12 -IC:/msys64/mingw64/include/python3.12
configure:20946: checking python libs
configure:20955: result:  -LC:/msys64/mingw64/lib -lpython3.12  -lversion -lshlwapi -lpathcch -lbcrypt -lm  
configure:20992: checking types of arguments for select
configure:21022: gcc -c -g -O2 -Wall -pipe -Wno-deprecated-declarations -IC:/msys64/mingw64/include/python3.12 -IC:/msys64/mingw64/include/python3.12 -I/mingw64/include conftest.c >&5
conftest.c: In function 'main':
conftest.c:150:45: error: unknown type name 'fd_set'
  150 |                                             fd_set *, fd_set *, fd_set *,
      |                                             ^~~~~~
conftest.c:150:55: error: unknown type name 'fd_set'
  150 |                                             fd_set *, fd_set *, fd_set *,
      |                                                       ^~~~~~
conftest.c:150:65: error: unknown type name 'fd_set'
  150 |                                             fd_set *, fd_set *, fd_set *,
      |                                                                 ^~~~~~
configure:21022: $? = 1
configure: failed program was:
| /* confdefs.h */
| #define PACKAGE_NAME "bluefish"
| #define PACKAGE_TARNAME "bluefish"
| #define PACKAGE_VERSION "2.2.17"
| #define PACKAGE_STRING "bluefish 2.2.17"
| #define PACKAGE_BUGREPORT "https://sourceforge.net/p/bluefish/tickets/"
| #define PACKAGE_URL ""
| #define CONFIGURE_OPTIONS "./configure  'PKG_CONFIG_PATH=/mingw64/lib/pkgconfig:/mingw64/share/pkgconfig'"
| #define PACKAGE "bluefish"
| #define VERSION "2.2.17"
| #define GETTEXT_PACKAGE "bluefish"
| #define HAVE_LINGUA_AR 1
| #define HAVE_LINGUA_BG 1
| #define HAVE_LINGUA_CA 1
| #define HAVE_LINGUA_CS 1
| #define HAVE_LINGUA_DA 1
| #define HAVE_LINGUA_DE 1
| #define HAVE_LINGUA_EL 1
| #define HAVE_LINGUA_EN 1
| #define HAVE_LINGUA_ES 1
| #define HAVE_LINGUA_EU 1
| #define HAVE_LINGUA_FA 1
| #define HAVE_LINGUA_FI 1
| #define HAVE_LINGUA_FR 1
| #define HAVE_LINGUA_GL 1
| #define HAVE_LINGUA_HU 1
| #define HAVE_LINGUA_IT 1
| #define HAVE_LINGUA_JA 1
| #define HAVE_LINGUA_KO 1
| #define HAVE_LINGUA_NB 1
| #define HAVE_LINGUA_NL 1
| #define HAVE_LINGUA_NN 1
| #define HAVE_LINGUA_PL 1
| #define HAVE_LINGUA_PT 1
| #define HAVE_LINGUA_PT_BR 1
| #define HAVE_LINGUA_RO 1
| #define HAVE_LINGUA_RU 1
| #define HAVE_LINGUA_SK 1
| #define HAVE_LINGUA_SR 1
| #define HAVE_LINGUA_SV 1
| #define HAVE_LINGUA_TA 1
| #define HAVE_LINGUA_TR 1
| #define HAVE_LINGUA_UK 1
| #define HAVE_LINGUA_ZH_CN 1
| #define HAVE_LINGUA_ZH_TW 1
| #define LINGUA_UPTODATE_CA 1
| #define LINGUA_UPTODATE_CS 1
| #define LINGUA_UPTODATE_DA 1
| #define LINGUA_UPTODATE_DE 1
| #define LINGUA_UPTODATE_EN 1
| #define LINGUA_UPTODATE_ES 1
| #define LINGUA_UPTODATE_EU 1
| #define LINGUA_UPTODATE_FA 1
| #define LINGUA_UPTODATE_FR 1
| #define LINGUA_UPTODATE_GL 1
| #define LINGUA_UPTODATE_HU 1
| #define LINGUA_UPTODATE_IT 1
| #define LINGUA_UPTODATE_JA 1
| #define LINGUA_UPTODATE_KO 1
| #define LINGUA_UPTODATE_NB 1
| #define LINGUA_UPTODATE_NL 1
| #define LINGUA_UPTODATE_NN 1
| #define LINGUA_UPTODATE_PL 1
| #define LINGUA_UPTODATE_PT 1
| #define LINGUA_UPTODATE_PT_BR 1
| #define LINGUA_UPTODATE_RU 1
| #define LINGUA_UPTODATE_TR 1
| #define LINGUA_UPTODATE_UK 1
| #define LINGUA_UPTODATE_ZH_CN 1
| #define HAVE_ICONV 1
| #define ENABLE_NLS 1
| #define HAVE_GETTEXT 1
| #define HAVE_DCGETTEXT 1
| #define HAVE_STDIO_H 1
| #define HAVE_STDLIB_H 1
| #define HAVE_STRING_H 1
| #define HAVE_INTTYPES_H 1
| #define HAVE_STDINT_H 1
| #define HAVE_STRINGS_H 1
| #define HAVE_SYS_STAT_H 1
| #define HAVE_SYS_TYPES_H 1
| #define HAVE_UNISTD_H 1
| #define STDC_HEADERS 1
| #define LT_OBJDIR ".libs/"
| #define WIN32 1
| #define HAVE_STDLIB_H 1
| #define HAVE_UNISTD_H 1
| #define HAVE_STRING_H 1
| #define HAVE_STRINGS_H 1
| #define HAVE_ERRNO_H 1
| #define HAVE_STDIO_H 1
| #define HAVE_SYS_STAT_H 1
| #define HAVE_CTYPE_H 1
| #define HAVE_GETOPT_H 1
| #define HAVE_MATH_H 1
| #define HAVE_TIME_H 1
| #define HAVE_SYS_TYPES_H 1
| #define HAVE_FCNTL_H 1
| #define HAVE_DIRENT_H 1
| #define HAVE_SYS_TIME_H 1
| #define HAVE_CTIME 1
| #define HAVE_ASCTIME 1
| #define HAVE_LOCALTIME 1
| #define HAVE_BIND 1
| #define HAVE_SOCKET 1
| #define HAVE_ACCEPT 1
| #define HAVE_PYTHON 1
| #define HAVE_PYTHON_VERSION "3.12"
| #define WITH_SPC 1
| /* end confdefs.h.  */
| #include <stddef.h>
| #ifdef HAVE_STDIO_H
| # include <stdio.h>
| #endif
| #ifdef HAVE_STDLIB_H
| # include <stdlib.h>
| #endif
| #ifdef HAVE_STRING_H
| # include <string.h>
| #endif
| #ifdef HAVE_INTTYPES_H
| # include <inttypes.h>
| #endif
| #ifdef HAVE_STDINT_H
| # include <stdint.h>
| #endif
| #ifdef HAVE_STRINGS_H
| # include <strings.h>
| #endif
| #ifdef HAVE_SYS_TYPES_H
| # include <sys/types.h>
| #endif
| #ifdef HAVE_SYS_STAT_H
| # include <sys/stat.h>
| #endif
| #ifdef HAVE_UNISTD_H
| # include <unistd.h>
| #endif
| #ifdef HAVE_SYS_SELECT_H
| # include <sys/select.h>
| #endif
| #ifdef HAVE_SYS_SOCKET_H
| # include <sys/socket.h>
| #endif
| 
| int
| main (void)
| {
| extern int select (int,
| 					    fd_set *, fd_set *, fd_set *,
| 					    struct timeval *);
|   ;
|   return 0;
| }
configure:21022: gcc -c -g -O2 -Wall -pipe -Wno-deprecated-declarations -IC:/msys64/mingw64/include/python3.12 -IC:/msys64/mingw64/include/python3.12 -I/mingw64/include conftest.c >&5
conftest.c: In function 'main':
conftest.c:150:45: error: unknown type name 'fd_set'
  150 |                                             fd_set *, fd_set *, fd_set *,
      |                                             ^~~~~~
conftest.c:150:55: error: unknown type name 'fd_set'
  150 |                                             fd_set *, fd_set *, fd_set *,
      |                                                       ^~~~~~
conftest.c:150:65: error: unknown type name 'fd_set'
  150 |                                             fd_set *, fd_set *, fd_set *,
      |                                                                 ^~~~~~
configure:21022: $? = 1
configure: failed program was:
| /* confdefs.h */
| #define PACKAGE_NAME "bluefish"
| #define PACKAGE_TARNAME "bluefish"
| #define PACKAGE_VERSION "2.2.17"
| #define PACKAGE_STRING "bluefish 2.2.17"
| #define PACKAGE_BUGREPORT "https://sourceforge.net/p/bluefish/tickets/"
| #define PACKAGE_URL ""
| #define CONFIGURE_OPTIONS "./configure  'PKG_CONFIG_PATH=/mingw64/lib/pkgconfig:/mingw64/share/pkgconfig'"
| #define PACKAGE "bluefish"
| #define VERSION "2.2.17"
| #define GETTEXT_PACKAGE "bluefish"
| #define HAVE_LINGUA_AR 1
| #define HAVE_LINGUA_BG 1
| #define HAVE_LINGUA_CA 1
| #define HAVE_LINGUA_CS 1
| #define HAVE_LINGUA_DA 1
| #define HAVE_LINGUA_DE 1
| #define HAVE_LINGUA_EL 1
| #define HAVE_LINGUA_EN 1
| #define HAVE_LINGUA_ES 1
| #define HAVE_LINGUA_EU 1
| #define HAVE_LINGUA_FA 1
| #define HAVE_LINGUA_FI 1
| #define HAVE_LINGUA_FR 1
| #define HAVE_LINGUA_GL 1
| #define HAVE_LINGUA_HU 1
| #define HAVE_LINGUA_IT 1
| #define HAVE_LINGUA_JA 1
| #define HAVE_LINGUA_KO 1
| #define HAVE_LINGUA_NB 1
| #define HAVE_LINGUA_NL 1
| #define HAVE_LINGUA_NN 1
| #define HAVE_LINGUA_PL 1
| #define HAVE_LINGUA_PT 1
| #define HAVE_LINGUA_PT_BR 1
| #define HAVE_LINGUA_RO 1
| #define HAVE_LINGUA_RU 1
| #define HAVE_LINGUA_SK 1
| #define HAVE_LINGUA_SR 1
| #define HAVE_LINGUA_SV 1
| #define HAVE_LINGUA_TA 1
| #define HAVE_LINGUA_TR 1
| #define HAVE_LINGUA_UK 1
| #define HAVE_LINGUA_ZH_CN 1
| #define HAVE_LINGUA_ZH_TW 1
| #define LINGUA_UPTODATE_CA 1
| #define LINGUA_UPTODATE_CS 1
| #define LINGUA_UPTODATE_DA 1
| #define LINGUA_UPTODATE_DE 1
| #define LINGUA_UPTODATE_EN 1
| #define LINGUA_UPTODATE_ES 1
| #define LINGUA_UPTODATE_EU 1
| #define LINGUA_UPTODATE_FA 1
| #define LINGUA_UPTODATE_FR 1
| #define LINGUA_UPTODATE_GL 1
| #define LINGUA_UPTODATE_HU 1
| #define LINGUA_UPTODATE_IT 1
| #define LINGUA_UPTODATE_JA 1
| #define LINGUA_UPTODATE_KO 1
| #define LINGUA_UPTODATE_NB 1
| #define LINGUA_UPTODATE_NL 1
| #define LINGUA_UPTODATE_NN 1
| #define LINGUA_UPTODATE_PL 1
| #define LINGUA_UPTODATE_PT 1
| #define LINGUA_UPTODATE_PT_BR 1
| #define LINGUA_UPTODATE_RU 1
| #define LINGUA_UPTODATE_TR 1
| #define LINGUA_UPTODATE_UK 1
| #define LINGUA_UPTODATE_ZH_CN 1
| #define HAVE_ICONV 1
| #define ENABLE_NLS 1
| #define HAVE_GETTEXT 1
| #define HAVE_DCGETTEXT 1
| #define HAVE_STDIO_H 1
| #define HAVE_STDLIB_H 1
| #define HAVE_STRING_H 1
| #define HAVE_INTTYPES_H 1
| #define HAVE_STDINT_H 1
| #define HAVE_STRINGS_H 1
| #define HAVE_SYS_STAT_H 1
| #define HAVE_SYS_TYPES_H 1
| #define HAVE_UNISTD_H 1
| #define STDC_HEADERS 1
| #define LT_OBJDIR ".libs/"
| #define WIN32 1
| #define HAVE_STDLIB_H 1
| #define HAVE_UNISTD_H 1
| #define HAVE_STRING_H 1
| #define HAVE_STRINGS_H 1
| #define HAVE_ERRNO_H 1
| #define HAVE_STDIO_H 1
| #define HAVE_SYS_STAT_H 1
| #define HAVE_CTYPE_H 1
| #define HAVE_GETOPT_H 1
| #define HAVE_MATH_H 1
| #define HAVE_TIME_H 1
| #define HAVE_SYS_TYPES_H 1
| #define HAVE_FCNTL_H 1
| #define HAVE_DIRENT_H 1
| #define HAVE_SYS_TIME_H 1
| #define HAVE_CTIME 1
| #define HAVE_ASCTIME 1
| #define HAVE_LOCALTIME 1
| #define HAVE_BIND 1
| #define HAVE_SOCKET 1
| #define HAVE_ACCEPT 1
| #define HAVE_PYTHON 1
| #define HAVE_PYTHON_VERSION "3.12"
| #define WITH_SPC 1
| /* end confdefs.h.  */
| #include <stddef.h>
| #ifdef HAVE_STDIO_H
| # include <stdio.h>
| #endif
| #ifdef HAVE_STDLIB_H
| # include <stdlib.h>
| #endif
| #ifdef HAVE_STRING_H
| # include <string.h>
| #endif
| #ifdef HAVE_INTTYPES_H
| # include <inttypes.h>
| #endif
| #ifdef HAVE_STDINT_H
| # include <stdint.h>
| #endif
| #ifdef HAVE_STRINGS_H
| # include <strings.h>
| #endif
| #ifdef HAVE_SYS_TYPES_H
| # include <sys/types.h>
| #endif
| #ifdef HAVE_SYS_STAT_H
| # include <sys/stat.h>
| #endif
| #ifdef HAVE_UNISTD_H
| # include <unistd.h>
| #endif
| #ifdef HAVE_SYS_SELECT_H
| # include <sys/select.h>
| #endif
| #ifdef HAVE_SYS_SOCKET_H
| # include <sys/socket.h>
| #endif
| 
| int
| main (void)
| {
| extern int select (int,
| 					    fd_set *, fd_set *, fd_set *,
| 					    const struct timeval *);
|   ;
|   return 0;
| }
configure:21022: gcc -c -g -O2 -Wall -pipe -Wno-deprecated-declarations -IC:/msys64/mingw64/include/python3.12 -IC:/msys64/mingw64/include/python3.12 -I/mingw64/include conftest.c >&5
conftest.c: In function 'main':
conftest.c:150:45: error: unknown type name 'fd_set'
  150 |                                             fd_set *, fd_set *, fd_set *,
      |                                             ^~~~~~
conftest.c:150:55: error: unknown type name 'fd_set'
  150 |                                             fd_set *, fd_set *, fd_set *,
      |                                                       ^~~~~~
conftest.c:150:65: error: unknown type name 'fd_set'
  150 |                                             fd_set *, fd_set *, fd_set *,
      |                                                                 ^~~~~~
configure:21022: $? = 1
configure: failed program was:
| /* confdefs.h */
| #define PACKAGE_NAME "bluefish"
| #define PACKAGE_TARNAME "bluefish"
| #define PACKAGE_VERSION "2.2.17"
| #define PACKAGE_STRING "bluefish 2.2.17"
| #define PACKAGE_BUGREPORT "https://sourceforge.net/p/bluefish/tickets/"
| #define PACKAGE_URL ""
| #define CONFIGURE_OPTIONS "./configure  'PKG_CONFIG_PATH=/mingw64/lib/pkgconfig:/mingw64/share/pkgconfig'"
| #define PACKAGE "bluefish"
| #define VERSION "2.2.17"
| #define GETTEXT_PACKAGE "bluefish"
| #define HAVE_LINGUA_AR 1
| #define HAVE_LINGUA_BG 1
| #define HAVE_LINGUA_CA 1
| #define HAVE_LINGUA_CS 1
| #define HAVE_LINGUA_DA 1
| #define HAVE_LINGUA_DE 1
| #define HAVE_LINGUA_EL 1
| #define HAVE_LINGUA_EN 1
| #define HAVE_LINGUA_ES 1
| #define HAVE_LINGUA_EU 1
| #define HAVE_LINGUA_FA 1
| #define HAVE_LINGUA_FI 1
| #define HAVE_LINGUA_FR 1
| #define HAVE_LINGUA_GL 1
| #define HAVE_LINGUA_HU 1
| #define HAVE_LINGUA_IT 1
| #define HAVE_LINGUA_JA 1
| #define HAVE_LINGUA_KO 1
| #define HAVE_LINGUA_NB 1
| #define HAVE_LINGUA_NL 1
| #define HAVE_LINGUA_NN 1
| #define HAVE_LINGUA_PL 1
| #define HAVE_LINGUA_PT 1
| #define HAVE_LINGUA_PT_BR 1
| #define HAVE_LINGUA_RO 1
| #define HAVE_LINGUA_RU 1
| #define HAVE_LINGUA_SK 1
| #define HAVE_LINGUA_SR 1
| #define HAVE_LINGUA_SV 1
| #define HAVE_LINGUA_TA 1
| #define HAVE_LINGUA_TR 1
| #define HAVE_LINGUA_UK 1
| #define HAVE_LINGUA_ZH_CN 1
| #define HAVE_LINGUA_ZH_TW 1
| #define LINGUA_UPTODATE_CA 1
| #define LINGUA_UPTODATE_CS 1
| #define LINGUA_UPTODATE_DA 1
| #define LINGUA_UPTODATE_DE 1
| #define LINGUA_UPTODATE_EN 1
| #define LINGUA_UPTODATE_ES 1
| #define LINGUA_UPTODATE_EU 1
| #define LINGUA_UPTODATE_FA 1
| #define LINGUA_UPTODATE_FR 1
| #define LINGUA_UPTODATE_GL 1
| #define LINGUA_UPTODATE_HU 1
| #define LINGUA_UPTODATE_IT 1
| #define LINGUA_UPTODATE_JA 1
| #define LINGUA_UPTODATE_KO 1
| #define LINGUA_UPTODATE_NB 1
| #define LINGUA_UPTODATE_NL 1
| #define LINGUA_UPTODATE_NN 1
| #define LINGUA_UPTODATE_PL 1
| #define LINGUA_UPTODATE_PT 1
| #define LINGUA_UPTODATE_PT_BR 1
| #define LINGUA_UPTODATE_RU 1
| #define LINGUA_UPTODATE_TR 1
| #define LINGUA_UPTODATE_UK 1
| #define LINGUA_UPTODATE_ZH_CN 1
| #define HAVE_ICONV 1
| #define ENABLE_NLS 1
| #define HAVE_GETTEXT 1
| #define HAVE_DCGETTEXT 1
| #define HAVE_STDIO_H 1
| #define HAVE_STDLIB_H 1
| #define HAVE_STRING_H 1
| #define HAVE_INTTYPES_H 1
| #define HAVE_STDINT_H 1
| #define HAVE_STRINGS_H 1
| #define HAVE_SYS_STAT_H 1
| #define HAVE_SYS_TYPES_H 1
| #define HAVE_UNISTD_H 1
| #define STDC_HEADERS 1
| #define LT_OBJDIR ".libs/"
| #define WIN32 1
| #define HAVE_STDLIB_H 1
| #define HAVE_UNISTD_H 1
| #define HAVE_STRING_H 1
| #define HAVE_STRINGS_H 1
| #define HAVE_ERRNO_H 1
| #define HAVE_STDIO_H 1
| #define HAVE_SYS_STAT_H 1
| #define HAVE_CTYPE_H 1
| #define HAVE_GETOPT_H 1
| #define HAVE_MATH_H 1
| #define HAVE_TIME_H 1
| #define HAVE_SYS_TYPES_H 1
| #define HAVE_FCNTL_H 1
| #define HAVE_DIRENT_H 1
| #define HAVE_SYS_TIME_H 1
| #define HAVE_CTIME 1
| #define HAVE_ASCTIME 1
| #define HAVE_LOCALTIME 1
| #define HAVE_BIND 1
| #define HAVE_SOCKET 1
| #define HAVE_ACCEPT 1
| #define HAVE_PYTHON 1
| #define HAVE_PYTHON_VERSION "3.12"
| #define WITH_SPC 1
| /* end confdefs.h.  */
| #include <stddef.h>
| #ifdef HAVE_STDIO_H
| # include <stdio.h>
| #endif
| #ifdef HAVE_STDLIB_H
| # include <stdlib.h>
| #endif
| #ifdef HAVE_STRING_H
| # include <string.h>
| #endif
| #ifdef HAVE_INTTYPES_H
| # include <inttypes.h>
| #endif
| #ifdef HAVE_STDINT_H
| # include <stdint.h>
| #endif
| #ifdef HAVE_STRINGS_H
| # include <strings.h>
| #endif
| #ifdef HAVE_SYS_TYPES_H
| # include <sys/types.h>
| #endif
| #ifdef HAVE_SYS_STAT_H
| # include <sys/stat.h>
| #endif
| #ifdef HAVE_UNISTD_H
| # include <unistd.h>
| #endif
| #ifdef HAVE_SYS_SELECT_H
| # include <sys/select.h>
| #endif
| #ifdef HAVE_SYS_SOCKET_H
| # include <sys/socket.h>
| #endif
| 
| int
| main (void)
| {
| extern int select (size_t,
| 					    fd_set *, fd_set *, fd_set *,
| 					    struct timeval *);
|   ;
|   return 0;
| }
configure:21022: gcc -c -g -O2 -Wall -pipe -Wno-deprecated-declarations -IC:/msys64/mingw64/include/python3.12 -IC:/msys64/mingw64/include/python3.12 -I/mingw64/include conftest.c >&5
conftest.c: In function 'main':
conftest.c:150:45: error: unknown type name 'fd_set'
  150 |                                             fd_set *, fd_set *, fd_set *,
      |                                             ^~~~~~
conftest.c:150:55: error: unknown type name 'fd_set'
  150 |                                             fd_set *, fd_set *, fd_set *,
      |                                                       ^~~~~~
conftest.c:150:65: error: unknown type name 'fd_set'
  150 |                                             fd_set *, fd_set *, fd_set *,
      |                                                                 ^~~~~~
configure:21022: $? = 1
configure: failed program was:
| /* confdefs.h */
| #define PACKAGE_NAME "bluefish"
| #define PACKAGE_TARNAME "bluefish"
| #define PACKAGE_VERSION "2.2.17"
| #define PACKAGE_STRING "bluefish 2.2.17"
| #define PACKAGE_BUGREPORT "https://sourceforge.net/p/bluefish/tickets/"
| #define PACKAGE_URL ""
| #define CONFIGURE_OPTIONS "./configure  'PKG_CONFIG_PATH=/mingw64/lib/pkgconfig:/mingw64/share/pkgconfig'"
| #define PACKAGE "bluefish"
| #define VERSION "2.2.17"
| #define GETTEXT_PACKAGE "bluefish"
| #define HAVE_LINGUA_AR 1
| #define HAVE_LINGUA_BG 1
| #define HAVE_LINGUA_CA 1
| #define HAVE_LINGUA_CS 1
| #define HAVE_LINGUA_DA 1
| #define HAVE_LINGUA_DE 1
| #define HAVE_LINGUA_EL 1
| #define HAVE_LINGUA_EN 1
| #define HAVE_LINGUA_ES 1
| #define HAVE_LINGUA_EU 1
| #define HAVE_LINGUA_FA 1
| #define HAVE_LINGUA_FI 1
| #define HAVE_LINGUA_FR 1
| #define HAVE_LINGUA_GL 1
| #define HAVE_LINGUA_HU 1
| #define HAVE_LINGUA_IT 1
| #define HAVE_LINGUA_JA 1
| #define HAVE_LINGUA_KO 1
| #define HAVE_LINGUA_NB 1
| #define HAVE_LINGUA_NL 1
| #define HAVE_LINGUA_NN 1
| #define HAVE_LINGUA_PL 1
| #define HAVE_LINGUA_PT 1
| #define HAVE_LINGUA_PT_BR 1
| #define HAVE_LINGUA_RO 1
| #define HAVE_LINGUA_RU 1
| #define HAVE_LINGUA_SK 1
| #define HAVE_LINGUA_SR 1
| #define HAVE_LINGUA_SV 1
| #define HAVE_LINGUA_TA 1
| #define HAVE_LINGUA_TR 1
| #define HAVE_LINGUA_UK 1
| #define HAVE_LINGUA_ZH_CN 1
| #define HAVE_LINGUA_ZH_TW 1
| #define LINGUA_UPTODATE_CA 1
| #define LINGUA_UPTODATE_CS 1
| #define LINGUA_UPTODATE_DA 1
| #define LINGUA_UPTODATE_DE 1
| #define LINGUA_UPTODATE_EN 1
| #define LINGUA_UPTODATE_ES 1
| #define LINGUA_UPTODATE_EU 1
| #define LINGUA_UPTODATE_FA 1
| #define LINGUA_UPTODATE_FR 1
| #define LINGUA_UPTODATE_GL 1
| #define LINGUA_UPTODATE_HU 1
| #define LINGUA_UPTODATE_IT 1
| #define LINGUA_UPTODATE_JA 1
| #define LINGUA_UPTODATE_KO 1
| #define LINGUA_UPTODATE_NB 1
| #define LINGUA_UPTODATE_NL 1
| #define LINGUA_UPTODATE_NN 1
| #define LINGUA_UPTODATE_PL 1
| #define LINGUA_UPTODATE_PT 1
| #define LINGUA_UPTODATE_PT_BR 1
| #define LINGUA_UPTODATE_RU 1
| #define LINGUA_UPTODATE_TR 1
| #define LINGUA_UPTODATE_UK 1
| #define LINGUA_UPTODATE_ZH_CN 1
| #define HAVE_ICONV 1
| #define ENABLE_NLS 1
| #define HAVE_GETTEXT 1
| #define HAVE_DCGETTEXT 1
| #define HAVE_STDIO_H 1
| #define HAVE_STDLIB_H 1
| #define HAVE_STRING_H 1
| #define HAVE_INTTYPES_H 1
| #define HAVE_STDINT_H 1
| #define HAVE_STRINGS_H 1
| #define HAVE_SYS_STAT_H 1
| #define HAVE_SYS_TYPES_H 1
| #define HAVE_UNISTD_H 1
| #define STDC_HEADERS 1
| #define LT_OBJDIR ".libs/"
| #define WIN32 1
| #define HAVE_STDLIB_H 1
| #define HAVE_UNISTD_H 1
| #define HAVE_STRING_H 1
| #define HAVE_STRINGS_H 1
| #define HAVE_ERRNO_H 1
| #define HAVE_STDIO_H 1
| #define HAVE_SYS_STAT_H 1
| #define HAVE_CTYPE_H 1
| #define HAVE_GETOPT_H 1
| #define HAVE_MATH_H 1
| #define HAVE_TIME_H 1
| #define HAVE_SYS_TYPES_H 1
| #define HAVE_FCNTL_H 1
| #define HAVE_DIRENT_H 1
| #define HAVE_SYS_TIME_H 1
| #define HAVE_CTIME 1
| #define HAVE_ASCTIME 1
| #define HAVE_LOCALTIME 1
| #define HAVE_BIND 1
| #define HAVE_SOCKET 1
| #define HAVE_ACCEPT 1
| #define HAVE_PYTHON 1
| #define HAVE_PYTHON_VERSION "3.12"
| #define WITH_SPC 1
| /* end confdefs.h.  */
| #include <stddef.h>
| #ifdef HAVE_STDIO_H
| # include <stdio.h>
| #endif
| #ifdef HAVE_STDLIB_H
| # include <stdlib.h>
| #endif
| #ifdef HAVE_STRING_H
| # include <string.h>
| #endif
| #ifdef HAVE_INTTYPES_H
| # include <inttypes.h>
| #endif
| #ifdef HAVE_STDINT_H
| # include <stdint.h>
| #endif
| #ifdef HAVE_STRINGS_H
| # include <strings.h>
| #endif
| #ifdef HAVE_SYS_TYPES_H
| # include <sys/types.h>
| #endif
| #ifdef HAVE_SYS_STAT_H
| # include <sys/stat.h>
| #endif
| #ifdef HAVE_UNISTD_H
| # include <unistd.h>
| #endif
| #ifdef HAVE_SYS_SELECT_H
| # include <sys/select.h>
| #endif
| #ifdef HAVE_SYS_SOCKET_H
| # include <sys/socket.h>
| #endif
| 
| int
| main (void)
| {
| extern int select (size_t,
| 					    fd_set *, fd_set *, fd_set *,
| 					    const struct timeval *);
|   ;
|   return 0;
| }
configure:21022: gcc -c -g -O2 -Wall -pipe -Wno-deprecated-declarations -IC:/msys64/mingw64/include/python3.12 -IC:/msys64/mingw64/include/python3.12 -I/mingw64/include conftest.c >&5
conftest.c: In function 'main':
conftest.c:150:45: error: unknown type name 'fd_set'
  150 |                                             fd_set *, fd_set *, fd_set *,
      |                                             ^~~~~~
conftest.c:150:55: error: unknown type name 'fd_set'
  150 |                                             fd_set *, fd_set *, fd_set *,
      |                                                       ^~~~~~
conftest.c:150:65: error: unknown type name 'fd_set'
  150 |                                             fd_set *, fd_set *, fd_set *,
      |                                                                 ^~~~~~
configure:21022: $? = 1
configure: failed program was:
| /* confdefs.h */
| #define PACKAGE_NAME "bluefish"
| #define PACKAGE_TARNAME "bluefish"
| #define PACKAGE_VERSION "2.2.17"
| #define PACKAGE_STRING "bluefish 2.2.17"
| #define PACKAGE_BUGREPORT "https://sourceforge.net/p/bluefish/tickets/"
| #define PACKAGE_URL ""
| #define CONFIGURE_OPTIONS "./configure  'PKG_CONFIG_PATH=/mingw64/lib/pkgconfig:/mingw64/share/pkgconfig'"
| #define PACKAGE "bluefish"
| #define VERSION "2.2.17"
| #define GETTEXT_PACKAGE "bluefish"
| #define HAVE_LINGUA_AR 1
| #define HAVE_LINGUA_BG 1
| #define HAVE_LINGUA_CA 1
| #define HAVE_LINGUA_CS 1
| #define HAVE_LINGUA_DA 1
| #define HAVE_LINGUA_DE 1
| #define HAVE_LINGUA_EL 1
| #define HAVE_LINGUA_EN 1
| #define HAVE_LINGUA_ES 1
| #define HAVE_LINGUA_EU 1
| #define HAVE_LINGUA_FA 1
| #define HAVE_LINGUA_FI 1
| #define HAVE_LINGUA_FR 1
| #define HAVE_LINGUA_GL 1
| #define HAVE_LINGUA_HU 1
| #define HAVE_LINGUA_IT 1
| #define HAVE_LINGUA_JA 1
| #define HAVE_LINGUA_KO 1
| #define HAVE_LINGUA_NB 1
| #define HAVE_LINGUA_NL 1
| #define HAVE_LINGUA_NN 1
| #define HAVE_LINGUA_PL 1
| #define HAVE_LINGUA_PT 1
| #define HAVE_LINGUA_PT_BR 1
| #define HAVE_LINGUA_RO 1
| #define HAVE_LINGUA_RU 1
| #define HAVE_LINGUA_SK 1
| #define HAVE_LINGUA_SR 1
| #define HAVE_LINGUA_SV 1
| #define HAVE_LINGUA_TA 1
| #define HAVE_LINGUA_TR 1
| #define HAVE_LINGUA_UK 1
| #define HAVE_LINGUA_ZH_CN 1
| #define HAVE_LINGUA_ZH_TW 1
| #define LINGUA_UPTODATE_CA 1
| #define LINGUA_UPTODATE_CS 1
| #define LINGUA_UPTODATE_DA 1
| #define LINGUA_UPTODATE_DE 1
| #define LINGUA_UPTODATE_EN 1
| #define LINGUA_UPTODATE_ES 1
| #define LINGUA_UPTODATE_EU 1
| #define LINGUA_UPTODATE_FA 1
| #define LINGUA_UPTODATE_FR 1
| #define LINGUA_UPTODATE_GL 1
| #define LINGUA_UPTODATE_HU 1
| #define LINGUA_UPTODATE_IT 1
| #define LINGUA_UPTODATE_JA 1
| #define LINGUA_UPTODATE_KO 1
| #define LINGUA_UPTODATE_NB 1
| #define LINGUA_UPTODATE_NL 1
| #define LINGUA_UPTODATE_NN 1
| #define LINGUA_UPTODATE_PL 1
| #define LINGUA_UPTODATE_PT 1
| #define LINGUA_UPTODATE_PT_BR 1
| #define LINGUA_UPTODATE_RU 1
| #define LINGUA_UPTODATE_TR 1
| #define LINGUA_UPTODATE_UK 1
| #define LINGUA_UPTODATE_ZH_CN 1
| #define HAVE_ICONV 1
| #define ENABLE_NLS 1
| #define HAVE_GETTEXT 1
| #define HAVE_DCGETTEXT 1
| #define HAVE_STDIO_H 1
| #define HAVE_STDLIB_H 1
| #define HAVE_STRING_H 1
| #define HAVE_INTTYPES_H 1
| #define HAVE_STDINT_H 1
| #define HAVE_STRINGS_H 1
| #define HAVE_SYS_STAT_H 1
| #define HAVE_SYS_TYPES_H 1
| #define HAVE_UNISTD_H 1
| #define STDC_HEADERS 1
| #define LT_OBJDIR ".libs/"
| #define WIN32 1
| #define HAVE_STDLIB_H 1
| #define HAVE_UNISTD_H 1
| #define HAVE_STRING_H 1
| #define HAVE_STRINGS_H 1
| #define HAVE_ERRNO_H 1
| #define HAVE_STDIO_H 1
| #define HAVE_SYS_STAT_H 1
| #define HAVE_CTYPE_H 1
| #define HAVE_GETOPT_H 1
| #define HAVE_MATH_H 1
| #define HAVE_TIME_H 1
| #define HAVE_SYS_TYPES_H 1
| #define HAVE_FCNTL_H 1
| #define HAVE_DIRENT_H 1
| #define HAVE_SYS_TIME_H 1
| #define HAVE_CTIME 1
| #define HAVE_ASCTIME 1
| #define HAVE_LOCALTIME 1
| #define HAVE_BIND 1
| #define HAVE_SOCKET 1
| #define HAVE_ACCEPT 1
| #define HAVE_PYTHON 1
| #define HAVE_PYTHON_VERSION "3.12"
| #define WITH_SPC 1
| /* end confdefs.h.  */
| #include <stddef.h>
| #ifdef HAVE_STDIO_H
| # include <stdio.h>
| #endif
| #ifdef HAVE_STDLIB_H
| # include <stdlib.h>
| #endif
| #ifdef HAVE_STRING_H
| # include <string.h>
| #endif
| #ifdef HAVE_INTTYPES_H
| # include <inttypes.h>
| #endif
| #ifdef HAVE_STDINT_H
| # include <stdint.h>
| #endif
| #ifdef HAVE_STRINGS_H
| # include <strings.h>
| #endif
| #ifdef HAVE_SYS_TYPES_H
| # include <sys/types.h>
| #endif
| #ifdef HAVE_SYS_STAT_H
| # include <sys/stat.h>
| #endif
| #ifdef HAVE_UNISTD_H
| # include <unistd.h>
| #endif
| #ifdef HAVE_SYS_SELECT_H
| # include <sys/select.h>
| #endif
| #ifdef HAVE_SYS_SOCKET_H
| # include <sys/socket.h>
| #endif
| 
| int
| main (void)
| {
| extern int select (unsigned long int,
| 					    fd_set *, fd_set *, fd_set *,
| 					    struct timeval *);
|   ;
|   return 0;
| }
configure:21022: gcc -c -g -O2 -Wall -pipe -Wno-deprecated-declarations -IC:/msys64/mingw64/include/python3.12 -IC:/msys64/mingw64/include/python3.12 -I/mingw64/include conftest.c >&5
conftest.c: In function 'main':
conftest.c:150:45: error: unknown type name 'fd_set'
  150 |                                             fd_set *, fd_set *, fd_set *,
      |                                             ^~~~~~
conftest.c:150:55: error: unknown type name 'fd_set'
  150 |                                             fd_set *, fd_set *, fd_set *,
      |                                                       ^~~~~~
conftest.c:150:65: error: unknown type name 'fd_set'
  150 |                                             fd_set *, fd_set *, fd_set *,
      |                                                                 ^~~~~~
configure:21022: $? = 1
configure: failed program was:
| /* confdefs.h */
| #define PACKAGE_NAME "bluefish"
| #define PACKAGE_TARNAME "bluefish"
| #define PACKAGE_VERSION "2.2.17"
| #define PACKAGE_STRING "bluefish 2.2.17"
| #define PACKAGE_BUGREPORT "https://sourceforge.net/p/bluefish/tickets/"
| #define PACKAGE_URL ""
| #define CONFIGURE_OPTIONS "./configure  'PKG_CONFIG_PATH=/mingw64/lib/pkgconfig:/mingw64/share/pkgconfig'"
| #define PACKAGE "bluefish"
| #define VERSION "2.2.17"
| #define GETTEXT_PACKAGE "bluefish"
| #define HAVE_LINGUA_AR 1
| #define HAVE_LINGUA_BG 1
| #define HAVE_LINGUA_CA 1
| #define HAVE_LINGUA_CS 1
| #define HAVE_LINGUA_DA 1
| #define HAVE_LINGUA_DE 1
| #define HAVE_LINGUA_EL 1
| #define HAVE_LINGUA_EN 1
| #define HAVE_LINGUA_ES 1
| #define HAVE_LINGUA_EU 1
| #define HAVE_LINGUA_FA 1
| #define HAVE_LINGUA_FI 1
| #define HAVE_LINGUA_FR 1
| #define HAVE_LINGUA_GL 1
| #define HAVE_LINGUA_HU 1
| #define HAVE_LINGUA_IT 1
| #define HAVE_LINGUA_JA 1
| #define HAVE_LINGUA_KO 1
| #define HAVE_LINGUA_NB 1
| #define HAVE_LINGUA_NL 1
| #define HAVE_LINGUA_NN 1
| #define HAVE_LINGUA_PL 1
| #define HAVE_LINGUA_PT 1
| #define HAVE_LINGUA_PT_BR 1
| #define HAVE_LINGUA_RO 1
| #define HAVE_LINGUA_RU 1
| #define HAVE_LINGUA_SK 1
| #define HAVE_LINGUA_SR 1
| #define HAVE_LINGUA_SV 1
| #define HAVE_LINGUA_TA 1
| #define HAVE_LINGUA_TR 1
| #define HAVE_LINGUA_UK 1
| #define HAVE_LINGUA_ZH_CN 1
| #define HAVE_LINGUA_ZH_TW 1
| #define LINGUA_UPTODATE_CA 1
| #define LINGUA_UPTODATE_CS 1
| #define LINGUA_UPTODATE_DA 1
| #define LINGUA_UPTODATE_DE 1
| #define LINGUA_UPTODATE_EN 1
| #define LINGUA_UPTODATE_ES 1
| #define LINGUA_UPTODATE_EU 1
| #define LINGUA_UPTODATE_FA 1
| #define LINGUA_UPTODATE_FR 1
| #define LINGUA_UPTODATE_GL 1
| #define LINGUA_UPTODATE_HU 1
| #define LINGUA_UPTODATE_IT 1
| #define LINGUA_UPTODATE_JA 1
| #define LINGUA_UPTODATE_KO 1
| #define LINGUA_UPTODATE_NB 1
| #define LINGUA_UPTODATE_NL 1
| #define LINGUA_UPTODATE_NN 1
| #define LINGUA_UPTODATE_PL 1
| #define LINGUA_UPTODATE_PT 1
| #define LINGUA_UPTODATE_PT_BR 1
| #define LINGUA_UPTODATE_RU 1
| #define LINGUA_UPTODATE_TR 1
| #define LINGUA_UPTODATE_UK 1
| #define LINGUA_UPTODATE_ZH_CN 1
| #define HAVE_ICONV 1
| #define ENABLE_NLS 1
| #define HAVE_GETTEXT 1
| #define HAVE_DCGETTEXT 1
| #define HAVE_STDIO_H 1
| #define HAVE_STDLIB_H 1
| #define HAVE_STRING_H 1
| #define HAVE_INTTYPES_H 1
| #define HAVE_STDINT_H 1
| #define HAVE_STRINGS_H 1
| #define HAVE_SYS_STAT_H 1
| #define HAVE_SYS_TYPES_H 1
| #define HAVE_UNISTD_H 1
| #define STDC_HEADERS 1
| #define LT_OBJDIR ".libs/"
| #define WIN32 1
| #define HAVE_STDLIB_H 1
| #define HAVE_UNISTD_H 1
| #define HAVE_STRING_H 1
| #define HAVE_STRINGS_H 1
| #define HAVE_ERRNO_H 1
| #define HAVE_STDIO_H 1
| #define HAVE_SYS_STAT_H 1
| #define HAVE_CTYPE_H 1
| #define HAVE_GETOPT_H 1
| #define HAVE_MATH_H 1
| #define HAVE_TIME_H 1
| #define HAVE_SYS_TYPES_H 1
| #define HAVE_FCNTL_H 1
| #define HAVE_DIRENT_H 1
| #define HAVE_SYS_TIME_H 1
| #define HAVE_CTIME 1
| #define HAVE_ASCTIME 1
| #define HAVE_LOCALTIME 1
| #define HAVE_BIND 1
| #define HAVE_SOCKET 1
| #define HAVE_ACCEPT 1
| #define HAVE_PYTHON 1
| #define HAVE_PYTHON_VERSION "3.12"
| #define WITH_SPC 1
| /* end confdefs.h.  */
| #include <stddef.h>
| #ifdef HAVE_STDIO_H
| # include <stdio.h>
| #endif
| #ifdef HAVE_STDLIB_H
| # include <stdlib.h>
| #endif
| #ifdef HAVE_STRING_H
| # include <string.h>
| #endif
| #ifdef HAVE_INTTYPES_H
| # include <inttypes.h>
| #endif
| #ifdef HAVE_STDINT_H
| # include <stdint.h>
| #endif
| #ifdef HAVE_STRINGS_H
| # include <strings.h>
| #endif
| #ifdef HAVE_SYS_TYPES_H
| # include <sys/types.h>
| #endif
| #ifdef HAVE_SYS_STAT_H
| # include <sys/stat.h>
| #endif
| #ifdef HAVE_UNISTD_H
| # include <unistd.h>
| #endif
| #ifdef HAVE_SYS_SELECT_H
| # include <sys/select.h>
| #endif
| #ifdef HAVE_SYS_SOCKET_H
| # include <sys/socket.h>
| #endif
| 
| int
| main (void)
| {
| extern int select (unsigned long int,
| 					    fd_set *, fd_set *, fd_set *,
| 					    const struct timeval *);
|   ;
|   return 0;
| }
configure:21022: gcc -c -g -O2 -Wall -pipe -Wno-deprecated-declarations -IC:/msys64/mingw64/include/python3.12 -IC:/msys64/mingw64/include/python3.12 -I/mingw64/include conftest.c >&5
conftest.c: In function 'main':
conftest.c:150:45: error: unknown type name 'fd_set'
  150 |                                             fd_set *, fd_set *, fd_set *,
      |                                             ^~~~~~
conftest.c:150:55: error: unknown type name 'fd_set'
  150 |                                             fd_set *, fd_set *, fd_set *,
      |                                                       ^~~~~~
conftest.c:150:65: error: unknown type name 'fd_set'
  150 |                                             fd_set *, fd_set *, fd_set *,
      |                                                                 ^~~~~~
configure:21022: $? = 1
configure: failed program was:
| /* confdefs.h */
| #define PACKAGE_NAME "bluefish"
| #define PACKAGE_TARNAME "bluefish"
| #define PACKAGE_VERSION "2.2.17"
| #define PACKAGE_STRING "bluefish 2.2.17"
| #define PACKAGE_BUGREPORT "https://sourceforge.net/p/bluefish/tickets/"
| #define PACKAGE_URL ""
| #define CONFIGURE_OPTIONS "./configure  'PKG_CONFIG_PATH=/mingw64/lib/pkgconfig:/mingw64/share/pkgconfig'"
| #define PACKAGE "bluefish"
| #define VERSION "2.2.17"
| #define GETTEXT_PACKAGE "bluefish"
| #define HAVE_LINGUA_AR 1
| #define HAVE_LINGUA_BG 1
| #define HAVE_LINGUA_CA 1
| #define HAVE_LINGUA_CS 1
| #define HAVE_LINGUA_DA 1
| #define HAVE_LINGUA_DE 1
| #define HAVE_LINGUA_EL 1
| #define HAVE_LINGUA_EN 1
| #define HAVE_LINGUA_ES 1
| #define HAVE_LINGUA_EU 1
| #define HAVE_LINGUA_FA 1
| #define HAVE_LINGUA_FI 1
| #define HAVE_LINGUA_FR 1
| #define HAVE_LINGUA_GL 1
| #define HAVE_LINGUA_HU 1
| #define HAVE_LINGUA_IT 1
| #define HAVE_LINGUA_JA 1
| #define HAVE_LINGUA_KO 1
| #define HAVE_LINGUA_NB 1
| #define HAVE_LINGUA_NL 1
| #define HAVE_LINGUA_NN 1
| #define HAVE_LINGUA_PL 1
| #define HAVE_LINGUA_PT 1
| #define HAVE_LINGUA_PT_BR 1
| #define HAVE_LINGUA_RO 1
| #define HAVE_LINGUA_RU 1
| #define HAVE_LINGUA_SK 1
| #define HAVE_LINGUA_SR 1
| #define HAVE_LINGUA_SV 1
| #define HAVE_LINGUA_TA 1
| #define HAVE_LINGUA_TR 1
| #define HAVE_LINGUA_UK 1
| #define HAVE_LINGUA_ZH_CN 1
| #define HAVE_LINGUA_ZH_TW 1
| #define LINGUA_UPTODATE_CA 1
| #define LINGUA_UPTODATE_CS 1
| #define LINGUA_UPTODATE_DA 1
| #define LINGUA_UPTODATE_DE 1
| #define LINGUA_UPTODATE_EN 1
| #define LINGUA_UPTODATE_ES 1
| #define LINGUA_UPTODATE_EU 1
| #define LINGUA_UPTODATE_FA 1
| #define LINGUA_UPTODATE_FR 1
| #define LINGUA_UPTODATE_GL 1
| #define LINGUA_UPTODATE_HU 1
| #define LINGUA_UPTODATE_IT 1
| #define LINGUA_UPTODATE_JA 1
| #define LINGUA_UPTODATE_KO 1
| #define LINGUA_UPTODATE_NB 1
| #define LINGUA_UPTODATE_NL 1
| #define LINGUA_UPTODATE_NN 1
| #define LINGUA_UPTODATE_PL 1
| #define LINGUA_UPTODATE_PT 1
| #define LINGUA_UPTODATE_PT_BR 1
| #define LINGUA_UPTODATE_RU 1
| #define LINGUA_UPTODATE_TR 1
| #define LINGUA_UPTODATE_UK 1
| #define LINGUA_UPTODATE_ZH_CN 1
| #define HAVE_ICONV 1
| #define ENABLE_NLS 1
| #define HAVE_GETTEXT 1
| #define HAVE_DCGETTEXT 1
| #define HAVE_STDIO_H 1
| #define HAVE_STDLIB_H 1
| #define HAVE_STRING_H 1
| #define HAVE_INTTYPES_H 1
| #define HAVE_STDINT_H 1
| #define HAVE_STRINGS_H 1
| #define HAVE_SYS_STAT_H 1
| #define HAVE_SYS_TYPES_H 1
| #define HAVE_UNISTD_H 1
| #define STDC_HEADERS 1
| #define LT_OBJDIR ".libs/"
| #define WIN32 1
| #define HAVE_STDLIB_H 1
| #define HAVE_UNISTD_H 1
| #define HAVE_STRING_H 1
| #define HAVE_STRINGS_H 1
| #define HAVE_ERRNO_H 1
| #define HAVE_STDIO_H 1
| #define HAVE_SYS_STAT_H 1
| #define HAVE_CTYPE_H 1
| #define HAVE_GETOPT_H 1
| #define HAVE_MATH_H 1
| #define HAVE_TIME_H 1
| #define HAVE_SYS_TYPES_H 1
| #define HAVE_FCNTL_H 1
| #define HAVE_DIRENT_H 1
| #define HAVE_SYS_TIME_H 1
| #define HAVE_CTIME 1
| #define HAVE_ASCTIME 1
| #define HAVE_LOCALTIME 1
| #define HAVE_BIND 1
| #define HAVE_SOCKET 1
| #define HAVE_ACCEPT 1
| #define HAVE_PYTHON 1
| #define HAVE_PYTHON_VERSION "3.12"
| #define WITH_SPC 1
| /* end confdefs.h.  */
| #include <stddef.h>
| #ifdef HAVE_STDIO_H
| # include <stdio.h>
| #endif
| #ifdef HAVE_STDLIB_H
| # include <stdlib.h>
| #endif
| #ifdef HAVE_STRING_H
| # include <string.h>
| #endif
| #ifdef HAVE_INTTYPES_H
| # include <inttypes.h>
| #endif
| #ifdef HAVE_STDINT_H
| # include <stdint.h>
| #endif
| #ifdef HAVE_STRINGS_H
| # include <strings.h>
| #endif
| #ifdef HAVE_SYS_TYPES_H
| # include <sys/types.h>
| #endif
| #ifdef HAVE_SYS_STAT_H
| # include <sys/stat.h>
| #endif
| #ifdef HAVE_UNISTD_H
| # include <unistd.h>
| #endif
| #ifdef HAVE_SYS_SELECT_H
| # include <sys/select.h>
| #endif
| #ifdef HAVE_SYS_SOCKET_H
| # include <sys/socket.h>
| #endif
| 
| int
| main (void)
| {
| extern int select (unsigned int,
| 					    fd_set *, fd_set *, fd_set *,
| 					    struct timeval *);
|   ;
|   return 0;
| }
configure:21022: gcc -c -g -O2 -Wall -pipe -Wno-deprecated-declarations -IC:/msys64/mingw64/include/python3.12 -IC:/msys64/mingw64/include/python3.12 -I/mingw64/include conftest.c >&5
conftest.c: In function 'main':
conftest.c:150:45: error: unknown type name 'fd_set'
  150 |                                             fd_set *, fd_set *, fd_set *,
      |                                             ^~~~~~
conftest.c:150:55: error: unknown type name 'fd_set'
  150 |                                             fd_set *, fd_set *, fd_set *,
      |                                                       ^~~~~~
conftest.c:150:65: error: unknown type name 'fd_set'
  150 |                                             fd_set *, fd_set *, fd_set *,
      |                                                                 ^~~~~~
configure:21022: $? = 1
configure: failed program was:
| /* confdefs.h */
| #define PACKAGE_NAME "bluefish"
| #define PACKAGE_TARNAME "bluefish"
| #define PACKAGE_VERSION "2.2.17"
| #define PACKAGE_STRING "bluefish 2.2.17"
| #define PACKAGE_BUGREPORT "https://sourceforge.net/p/bluefish/tickets/"
| #define PACKAGE_URL ""
| #define CONFIGURE_OPTIONS "./configure  'PKG_CONFIG_PATH=/mingw64/lib/pkgconfig:/mingw64/share/pkgconfig'"
| #define PACKAGE "bluefish"
| #define VERSION "2.2.17"
| #define GETTEXT_PACKAGE "bluefish"
| #define HAVE_LINGUA_AR 1
| #define HAVE_LINGUA_BG 1
| #define HAVE_LINGUA_CA 1
| #define HAVE_LINGUA_CS 1
| #define HAVE_LINGUA_DA 1
| #define HAVE_LINGUA_DE 1
| #define HAVE_LINGUA_EL 1
| #define HAVE_LINGUA_EN 1
| #define HAVE_LINGUA_ES 1
| #define HAVE_LINGUA_EU 1
| #define HAVE_LINGUA_FA 1
| #define HAVE_LINGUA_FI 1
| #define HAVE_LINGUA_FR 1
| #define HAVE_LINGUA_GL 1
| #define HAVE_LINGUA_HU 1
| #define HAVE_LINGUA_IT 1
| #define HAVE_LINGUA_JA 1
| #define HAVE_LINGUA_KO 1
| #define HAVE_LINGUA_NB 1
| #define HAVE_LINGUA_NL 1
| #define HAVE_LINGUA_NN 1
| #define HAVE_LINGUA_PL 1
| #define HAVE_LINGUA_PT 1
| #define HAVE_LINGUA_PT_BR 1
| #define HAVE_LINGUA_RO 1
| #define HAVE_LINGUA_RU 1
| #define HAVE_LINGUA_SK 1
| #define HAVE_LINGUA_SR 1
| #define HAVE_LINGUA_SV 1
| #define HAVE_LINGUA_TA 1
| #define HAVE_LINGUA_TR 1
| #define HAVE_LINGUA_UK 1
| #define HAVE_LINGUA_ZH_CN 1
| #define HAVE_LINGUA_ZH_TW 1
| #define LINGUA_UPTODATE_CA 1
| #define LINGUA_UPTODATE_CS 1
| #define LINGUA_UPTODATE_DA 1
| #define LINGUA_UPTODATE_DE 1
| #define LINGUA_UPTODATE_EN 1
| #define LINGUA_UPTODATE_ES 1
| #define LINGUA_UPTODATE_EU 1
| #define LINGUA_UPTODATE_FA 1
| #define LINGUA_UPTODATE_FR 1
| #define LINGUA_UPTODATE_GL 1
| #define LINGUA_UPTODATE_HU 1
| #define LINGUA_UPTODATE_IT 1
| #define LINGUA_UPTODATE_JA 1
| #define LINGUA_UPTODATE_KO 1
| #define LINGUA_UPTODATE_NB 1
| #define LINGUA_UPTODATE_NL 1
| #define LINGUA_UPTODATE_NN 1
| #define LINGUA_UPTODATE_PL 1
| #define LINGUA_UPTODATE_PT 1
| #define LINGUA_UPTODATE_PT_BR 1
| #define LINGUA_UPTODATE_RU 1
| #define LINGUA_UPTODATE_TR 1
| #define LINGUA_UPTODATE_UK 1
| #define LINGUA_UPTODATE_ZH_CN 1
| #define HAVE_ICONV 1
| #define ENABLE_NLS 1
| #define HAVE_GETTEXT 1
| #define HAVE_DCGETTEXT 1
| #define HAVE_STDIO_H 1
| #define HAVE_STDLIB_H 1
| #define HAVE_STRING_H 1
| #define HAVE_INTTYPES_H 1
| #define HAVE_STDINT_H 1
| #define HAVE_STRINGS_H 1
| #define HAVE_SYS_STAT_H 1
| #define HAVE_SYS_TYPES_H 1
| #define HAVE_UNISTD_H 1
| #define STDC_HEADERS 1
| #define LT_OBJDIR ".libs/"
| #define WIN32 1
| #define HAVE_STDLIB_H 1
| #define HAVE_UNISTD_H 1
| #define HAVE_STRING_H 1
| #define HAVE_STRINGS_H 1
| #define HAVE_ERRNO_H 1
| #define HAVE_STDIO_H 1
| #define HAVE_SYS_STAT_H 1
| #define HAVE_CTYPE_H 1
| #define HAVE_GETOPT_H 1
| #define HAVE_MATH_H 1
| #define HAVE_TIME_H 1
| #define HAVE_SYS_TYPES_H 1
| #define HAVE_FCNTL_H 1
| #define HAVE_DIRENT_H 1
| #define HAVE_SYS_TIME_H 1
| #define HAVE_CTIME 1
| #define HAVE_ASCTIME 1
| #define HAVE_LOCALTIME 1
| #define HAVE_BIND 1
| #define HAVE_SOCKET 1
| #define HAVE_ACCEPT 1
| #define HAVE_PYTHON 1
| #define HAVE_PYTHON_VERSION "3.12"
| #define WITH_SPC 1
| /* end confdefs.h.  */
| #include <stddef.h>
| #ifdef HAVE_STDIO_H
| # include <stdio.h>
| #endif
| #ifdef HAVE_STDLIB_H
| # include <stdlib.h>
| #endif
| #ifdef HAVE_STRING_H
| # include <string.h>
| #endif
| #ifdef HAVE_INTTYPES_H
| # include <inttypes.h>
| #endif
| #ifdef HAVE_STDINT_H
| # include <stdint.h>
| #endif
| #ifdef HAVE_STRINGS_H
| # include <strings.h>
| #endif
| #ifdef HAVE_SYS_TYPES_H
| # include <sys/types.h>
| #endif
| #ifdef HAVE_SYS_STAT_H
| # include <sys/stat.h>
| #endif
| #ifdef HAVE_UNISTD_H
| # include <unistd.h>
| #endif
| #ifdef HAVE_SYS_SELECT_H
| # include <sys/select.h>
| #endif
| #ifdef HAVE_SYS_SOCKET_H
| # include <sys/socket.h>
| #endif
| 
| int
| main (void)
| {
| extern int select (unsigned int,
| 					    fd_set *, fd_set *, fd_set *,
| 					    const struct timeval *);
|   ;
|   return 0;
| }
configure:21022: gcc -c -g -O2 -Wall -pipe -Wno-deprecated-declarations -IC:/msys64/mingw64/include/python3.12 -IC:/msys64/mingw64/include/python3.12 -I/mingw64/include conftest.c >&5
conftest.c: In function 'main':
conftest.c:151:52: warning: 'struct timeval' declared inside parameter list will not be visible outside of this definition or declaration
  151 |                                             struct timeval *);
      |                                                    ^~~~~~~
configure:21022: $? = 0
configure:21032: result: int,int *,struct timeval *
configure:21152: checking for man
configure:21190: result: no
configure:21196: WARNING: 'man' was not found. We cannot check the manpages for errors. See README.
configure:21213: checking for jing
configure:21251: result: no
configure:21257: WARNING: 'jing' was not found. It is better then 'xmllint' for validating RELAX NG.
configure:21263: checking for optional 'jing' options to use
configure:21265: result: 
configure:21281: checking for xmllint
configure:21304: found /mingw64/bin/xmllint
configure:21316: result: /mingw64/bin/xmllint
configure:21331: checking for optional 'xmllint' options to use
configure:21333: result: 
configure:21349: checking for desktop-file-validate
configure:21387: result: no
configure:21393: WARNING: 'desktop-file-validate' was not found. We cannot check the manpages for errors. See README.
configure:21511: checking that generated files are newer than configure
configure:21517: result: done
configure:21608: creating ./config.status

## ---------------------- ##
## Running config.status. ##
## ---------------------- ##

This file was extended by bluefish config.status 2.2.17, which was
generated by GNU Autoconf 2.71.  Invocation command line was

  CONFIG_FILES    = 
  CONFIG_HEADERS  = 
  CONFIG_LINKS    = 
  CONFIG_COMMANDS = 
  $ ./config.status 

on DeusExUmbra

config.status:1373: creating Makefile
config.status:1373: creating data/Makefile
config.status:1373: creating data/bflang/Makefile
config.status:1373: creating data/bflib/Makefile
config.status:1373: creating data/templates/Makefile
config.status:1373: creating desktop-data/Makefile
config.status:1373: creating images/Makefile
config.status:1373: creating man/Makefile
config.status:1373: creating po/Makefile.in
config.status:1373: creating src/Makefile
config.status:1373: creating src/pixmaps/Makefile
config.status:1373: creating src/plugin_about/Makefile
config.status:1373: creating src/plugin_about/po/Makefile.in
config.status:1373: creating src/plugin_charmap/Makefile
config.status:1373: creating src/plugin_charmap/po/Makefile.in
config.status:1373: creating src/plugin_entities/Makefile
config.status:1373: creating src/plugin_entities/po/Makefile.in
config.status:1373: creating src/plugin_htmlbar/Makefile
config.status:1373: creating src/plugin_htmlbar/pixmaps/Makefile
config.status:1373: creating src/plugin_htmlbar/po/Makefile.in
config.status:1373: creating src/plugin_htmlbar/ui/Makefile
config.status:1373: creating src/plugin_infbrowser/Makefile
config.status:1373: creating src/plugin_infbrowser/po/Makefile.in
config.status:1373: creating src/plugin_snippets/Makefile
config.status:1373: creating src/plugin_snippets/po/Makefile.in
config.status:1373: creating src/plugin_zencoding/Makefile
config.status:1373: creating src/plugin_zencoding/po/Makefile.in
config.status:1373: creating src/bluefish_rc.rc.in
config.status:1373: creating ui/Makefile
config.status:1373: creating macosx/Makefile
config.status:1373: creating win32/Makefile
config.status:1373: creating win32/Makefile.mingw
config.status:1373: creating src/config.h
config.status:1602: executing po-directories commands
config.status:1602: executing depfiles commands
config.status:1790: cd src       && sed -e '/# am--include-marker/d' Makefile         | make -f - am--depfiles
config.status:1795: $? = 0
config.status:1790: cd src/plugin_about       && sed -e '/# am--include-marker/d' Makefile         | make -f - am--depfiles
config.status:1795: $? = 0
config.status:1790: cd src/plugin_charmap       && sed -e '/# am--include-marker/d' Makefile         | make -f - am--depfiles
config.status:1795: $? = 0
config.status:1790: cd src/plugin_entities       && sed -e '/# am--include-marker/d' Makefile         | make -f - am--depfiles
config.status:1795: $? = 0
config.status:1790: cd src/plugin_htmlbar       && sed -e '/# am--include-marker/d' Makefile         | make -f - am--depfiles
config.status:1795: $? = 0
config.status:1790: cd src/plugin_infbrowser       && sed -e '/# am--include-marker/d' Makefile         | make -f - am--depfiles
config.status:1795: $? = 0
config.status:1790: cd src/plugin_snippets       && sed -e '/# am--include-marker/d' Makefile         | make -f - am--depfiles
config.status:1795: $? = 0
config.status:1790: cd src/plugin_zencoding       && sed -e '/# am--include-marker/d' Makefile         | make -f - am--depfiles
config.status:1795: $? = 0
config.status:1602: executing libtool commands

## ---------------- ##
## Cache variables. ##
## ---------------- ##

ac_cv_build=x86_64-w64-mingw32
ac_cv_c_compiler_gnu=yes
ac_cv_c_inline=inline
ac_cv_env_BLUEFISH_GTKMAC_CFLAGS_set=
ac_cv_env_BLUEFISH_GTKMAC_CFLAGS_value=
ac_cv_env_BLUEFISH_GTKMAC_LIBS_set=
ac_cv_env_BLUEFISH_GTKMAC_LIBS_value=
ac_cv_env_BLUEFISH_REQUIRED_CFLAGS_set=
ac_cv_env_BLUEFISH_REQUIRED_CFLAGS_value=
ac_cv_env_BLUEFISH_REQUIRED_LIBS_set=
ac_cv_env_BLUEFISH_REQUIRED_LIBS_value=
ac_cv_env_CC_set=
ac_cv_env_CC_value=
ac_cv_env_CFLAGS_set=
ac_cv_env_CFLAGS_value=
ac_cv_env_CHARMAP_PLUGIN_CFLAGS_set=
ac_cv_env_CHARMAP_PLUGIN_CFLAGS_value=
ac_cv_env_CHARMAP_PLUGIN_LIBS_set=
ac_cv_env_CHARMAP_PLUGIN_LIBS_value=
ac_cv_env_CPPFLAGS_set=
ac_cv_env_CPPFLAGS_value=
ac_cv_env_DESKTOP_FILE_VALIDATE_set=
ac_cv_env_DESKTOP_FILE_VALIDATE_value=
ac_cv_env_GDK_PIXBUF_CSOURCE_set=
ac_cv_env_GDK_PIXBUF_CSOURCE_value=
ac_cv_env_JING_FLAGS_set=
ac_cv_env_JING_FLAGS_value=
ac_cv_env_JING_set=
ac_cv_env_JING_value=
ac_cv_env_LDFLAGS_set=
ac_cv_env_LDFLAGS_value=
ac_cv_env_LIBS_set=
ac_cv_env_LIBS_value=
ac_cv_env_LT_SYS_LIBRARY_PATH_set=
ac_cv_env_LT_SYS_LIBRARY_PATH_value=
ac_cv_env_MAN_set=
ac_cv_env_MAN_value=
ac_cv_env_PKG_CONFIG_LIBDIR_set=
ac_cv_env_PKG_CONFIG_LIBDIR_value=
ac_cv_env_PKG_CONFIG_PATH_set=set
ac_cv_env_PKG_CONFIG_PATH_value=/mingw64/lib/pkgconfig:/mingw64/share/pkgconfig
ac_cv_env_PKG_CONFIG_set=
ac_cv_env_PKG_CONFIG_value=
ac_cv_env_PYTHON_CONFIG_set=
ac_cv_env_PYTHON_CONFIG_value=
ac_cv_env_PYTHON_INCLUDE_set=
ac_cv_env_PYTHON_INCLUDE_value=
ac_cv_env_PYTHON_set=
ac_cv_env_PYTHON_value=
ac_cv_env_UPDATE_DESKTOP_DATABASE_set=
ac_cv_env_UPDATE_DESKTOP_DATABASE_value=
ac_cv_env_UPDATE_MIME_DATABASE_set=
ac_cv_env_UPDATE_MIME_DATABASE_value=
ac_cv_env_XMLLINT_FLAGS_set=
ac_cv_env_XMLLINT_FLAGS_value=
ac_cv_env_XMLLINT_set=
ac_cv_env_XMLLINT_value=
ac_cv_env_build_alias_set=
ac_cv_env_build_alias_value=
ac_cv_env_host_alias_set=
ac_cv_env_host_alias_value=
ac_cv_env_target_alias_set=
ac_cv_env_target_alias_value=
ac_cv_exeext=.exe
ac_cv_func_accept=yes
ac_cv_func_asctime=yes
ac_cv_func_asctime_r=no
ac_cv_func_bind=yes
ac_cv_func_ctime=yes
ac_cv_func_ctime_r=no
ac_cv_func_localtime=yes
ac_cv_func_msgrcv=no
ac_cv_func_msgsnd=no
ac_cv_func_select_args='int,int *,struct timeval *'
ac_cv_func_socket=yes
ac_cv_func_strcasestr=no
ac_cv_header_arpa_inet_h=no
ac_cv_header_ctype_h=yes
ac_cv_header_dirent_h=yes
ac_cv_header_dlfcn_h=no
ac_cv_header_enchant_enchant_h=no
ac_cv_header_enchant_h=no
ac_cv_header_errno_h=yes
ac_cv_header_fcntl_h=yes
ac_cv_header_getopt_h=yes
ac_cv_header_inttypes_h=yes
ac_cv_header_math_h=yes
ac_cv_header_netdb_h=no
ac_cv_header_netinet_in_h=no
ac_cv_header_stdint_h=yes
ac_cv_header_stdio_h=yes
ac_cv_header_stdlib_h=yes
ac_cv_header_string_h=yes
ac_cv_header_strings_h=yes
ac_cv_header_sys_ipc_h=no
ac_cv_header_sys_msg_h=no
ac_cv_header_sys_select_h=no
ac_cv_header_sys_socket_h=no
ac_cv_header_sys_stat_h=yes
ac_cv_header_sys_time_h=yes
ac_cv_header_sys_types_h=yes
ac_cv_header_time_h=yes
ac_cv_header_unistd_h=yes
ac_cv_host=x86_64-w64-mingw32
ac_cv_objext=o
ac_cv_path_EGREP='/usr/bin/grep -E'
ac_cv_path_FGREP='/usr/bin/grep -F'
ac_cv_path_GMSGFMT=/mingw64/bin/msgfmt
ac_cv_path_GREP=/usr/bin/grep
ac_cv_path_MSGFMT=/mingw64/bin/msgfmt
ac_cv_path_MSGMERGE=/mingw64/bin/msgmerge
ac_cv_path_PYTHON=/mingw64/bin/python
ac_cv_path_PYTHON_CONFIG=/mingw64/bin/python3.12-config
ac_cv_path_SED=/usr/bin/sed
ac_cv_path_UPDATE_MIME_DATABASE=/mingw64/bin/update-mime-database
ac_cv_path_XGETTEXT=/mingw64/bin/xgettext
ac_cv_path_XMLCATALOG=/mingw64/bin/xmlcatalog
ac_cv_path_XMLLINT=/mingw64/bin/xmllint
ac_cv_path_ac_pt_PKG_CONFIG=/mingw64/bin/pkg-config
ac_cv_path_install='/usr/bin/install -c'
ac_cv_path_lt_DD=/usr/bin/dd
ac_cv_path_mkdir=/usr/bin/mkdir
ac_cv_prog_AWK=gawk
ac_cv_prog_FILECMD=file
ac_cv_prog_GDK_PIXBUF_CSOURCE=gdk-pixbuf-csource
ac_cv_prog_ac_ct_AR=ar
ac_cv_prog_ac_ct_AS=as
ac_cv_prog_ac_ct_CC=gcc
ac_cv_prog_ac_ct_DLLTOOL=dlltool
ac_cv_prog_ac_ct_OBJDUMP=objdump
ac_cv_prog_ac_ct_RANLIB=ranlib
ac_cv_prog_ac_ct_RC=windres
ac_cv_prog_ac_ct_STRIP=strip
ac_cv_prog_ac_ct_WINDRES=windres
ac_cv_prog_cc_c11=
ac_cv_prog_cc_g=yes
ac_cv_prog_cc_stdc=
ac_cv_prog_make_make_set=yes
ac_cv_search_bind=-lws2_32
ac_cv_search_log10='none required'
ac_cv_search_nanosleep='none required'
acl_cv_hardcode_direct=no
acl_cv_hardcode_libdir_flag_spec='-L$libdir'
acl_cv_hardcode_libdir_separator=
acl_cv_hardcode_minus_L=no
acl_cv_libdirstems=lib,lib
acl_cv_libext=a
acl_cv_libname_spec='lib$name'
acl_cv_library_names_spec='$libname.dll.a $libname.lib'
acl_cv_path_LD=C:/msys64/mingw64/x86_64-w64-mingw32/bin/ld.exe
acl_cv_prog_gnu_ld=yes
acl_cv_rpath=done
acl_cv_shlibext=dll
acl_cv_wl=-Wl,
am_cv_CC_dependencies_compiler_type=gcc3
am_cv_ar_interface=ar
am_cv_func_iconv=yes
am_cv_func_iconv_works=yes
am_cv_lib_iconv=yes
am_cv_make_support_nested_variables=yes
am_cv_pathless_PYTHON=python
am_cv_prog_cc_c_o=yes
am_cv_python_platform=win32
am_cv_python_pyexecdir='${PYTHON_EXEC_PREFIX}/lib/python3.12/site-packages'
am_cv_python_pythondir='${PYTHON_PREFIX}/lib/python3.12/site-packages'
am_cv_python_version=3.12
gl_cv_host_cpu_c_abi_32bit=no
gt_cv_func_CFLocaleCopyCurrent=no
gt_cv_func_CFLocaleCopyPreferredLanguages=no
gt_cv_func_CFPreferencesCopyAppValue=no
gt_cv_func_gnugettext1_libc=no
gt_cv_func_gnugettext1_libintl=yes
lt_cv_ar_at_file=@
lt_cv_archive_cmds_need_lc=yes
lt_cv_deplibs_check_method='file_magic ^x86 archive import|^x86 DLL'
lt_cv_dlopen=LoadLibrary
lt_cv_dlopen_libs=
lt_cv_file_magic_cmd=func_win32_libid
lt_cv_file_magic_test_file=
lt_cv_ld_reload_flag=-r
lt_cv_nm_interface='BSD nm'
lt_cv_objdir=.libs
lt_cv_path_LD=C:/msys64/mingw64/x86_64-w64-mingw32/bin/ld.exe
lt_cv_path_NM='/mingw64/bin/nm -B'
lt_cv_path_manifest_tool=no
lt_cv_prog_compiler_c_o=yes
lt_cv_prog_compiler_c_o_RC=yes
lt_cv_prog_compiler_pic='-DDLL_EXPORT -DPIC'
lt_cv_prog_compiler_pic_works=yes
lt_cv_prog_compiler_rtti_exceptions=no
lt_cv_prog_compiler_static_works=yes
lt_cv_prog_gnu_ld=yes
lt_cv_sharedlib_from_linklib_cmd=func_cygming_dll_for_implib
lt_cv_sys_global_symbol_pipe='/usr/bin/sed -n -e '\''s/^.*[	 ]\([ABCDGIRSTW][ABCDGIRSTW]*\)[	 ][	 ]*\([_A-Za-z][_A-Za-z0-9]*\)\{0,1\}$/\1 \2 \2/p'\'' | /usr/bin/sed '\''/ __gnu_lto/d'\'''
lt_cv_sys_global_symbol_to_c_name_address='/usr/bin/sed -n -e '\''s/^: \(.*\) .*$/  {"\1", (void *) 0},/p'\'' -e '\''s/^[ABCDGIRSTW][ABCDGIRSTW]* .* \(.*\)$/  {"\1", (void *) \&\1},/p'\'''
lt_cv_sys_global_symbol_to_c_name_address_lib_prefix='/usr/bin/sed -n -e '\''s/^: \(.*\) .*$/  {"\1", (void *) 0},/p'\'' -e '\''s/^[ABCDGIRSTW][ABCDGIRSTW]* .* \(lib.*\)$/  {"\1", (void *) \&\1},/p'\'' -e '\''s/^[ABCDGIRSTW][ABCDGIRSTW]* .* \(.*\)$/  {"lib\1", (void *) \&\1},/p'\'''
lt_cv_sys_global_symbol_to_cdecl='/usr/bin/sed -n -e '\''s/^T .* \(.*\)$/extern int \1();/p'\'' -e '\''s/^[ABCDGIRSTW][ABCDGIRSTW]* .* \(.*\)$/extern char \1;/p'\'''
lt_cv_sys_global_symbol_to_import=
lt_cv_sys_max_cmd_len=8192
lt_cv_to_host_file_cmd=func_convert_file_msys_to_w32
lt_cv_to_tool_file_cmd=func_convert_file_msys_to_w32
lt_cv_truncate_bin='/usr/bin/dd bs=4096 count=1'
pkg_cv_BLUEFISH_REQUIRED_CFLAGS='-IC:/msys64/mingw64/include/gtk-3.0 -IC:/msys64/mingw64/include/atk-1.0 -IC:/msys64/mingw64/include/pango-1.0 -IC:/msys64/mingw64/include/harfbuzz -IC:/msys64/mingw64/include/cairo -IC:/msys64/mingw64/include/fribidi -IC:/msys64/mingw64/include/freetype2 -IC:/msys64/mingw64/include/pixman-1 -IC:/msys64/mingw64/include/gdk-pixbuf-2.0 -IC:/msys64/mingw64/include/libpng16 -IC:/msys64/mingw64/include/webp -DLIBDEFLATE_DLL -IC:/msys64/mingw64/include/glib-2.0 -IC:/msys64/mingw64/lib/glib-2.0/include -IC:/msys64/mingw64/include/libxml2'
pkg_cv_BLUEFISH_REQUIRED_LIBS='-lgtk-3 -latk-1.0 -lgdk-3 -lz -lgdi32 -limm32 -lshell32 -lole32 -luuid -lwinmm -ldwmapi -lsetupapi -lcfgmgr32 -lhid -lwinspool -lcomctl32 -lcomdlg32 -lpangowin32-1.0 -lpangocairo-1.0 -lcairo-gobject -lcairo -lgmodule-2.0 -lpango-1.0 -lharfbuzz -lgdk_pixbuf-2.0 -lgio-2.0 -lgobject-2.0 -lgthread-2.0 -lglib-2.0 -lintl -lxml2'

## ----------------- ##
## Output variables. ##
## ----------------- ##

ACLOCAL='${SHELL} '\''/c/Users/yang_/Desktop/Proyecto Calidad Software/bluefish-2.2.17-extended/missing'\'' aclocal-1.16'
ALL_LINGUAS='ar bg ca cs da de el en es eu fa fi fr gl hu it ja ko nb nl nn pl pt pt_BR ro ru sk sr sv ta tr uk zh_CN zh_TW'
AMDEPBACKSLASH='\'
AMDEP_FALSE='#'
AMDEP_TRUE=''
AMTAR='$${TAR-tar}'
AM_BACKSLASH='\'
AM_DEFAULT_V='$(AM_DEFAULT_VERBOSITY)'
AM_DEFAULT_VERBOSITY='1'
AM_V='$(V)'
AR='ar'
AS='as'
AUTOCONF='${SHELL} '\''/c/Users/yang_/Desktop/Proyecto Calidad Software/bluefish-2.2.17-extended/missing'\'' autoconf'
AUTOHEADER='${SHELL} '\''/c/Users/yang_/Desktop/Proyecto Calidad Software/bluefish-2.2.17-extended/missing'\'' autoheader'
AUTOMAKE='${SHELL} '\''/c/Users/yang_/Desktop/Proyecto Calidad Software/bluefish-2.2.17-extended/missing'\'' automake-1.16'
AWK='gawk'
BLUEFISH_GTKMAC_CFLAGS=''
BLUEFISH_GTKMAC_LIBS=''
BLUEFISH_REQUIRED_CFLAGS='-IC:/msys64/mingw64/include/gtk-3.0 -IC:/msys64/mingw64/include/atk-1.0 -IC:/msys64/mingw64/include/pango-1.0 -IC:/msys64/mingw64/include/harfbuzz -IC:/msys64/mingw64/include/cairo -IC:/msys64/mingw64/include/fribidi -IC:/msys64/mingw64/include/freetype2 -IC:/msys64/mingw64/include/pixman-1 -IC:/msys64/mingw64/include/gdk-pixbuf-2.0 -IC:/msys64/mingw64/include/libpng16 -IC:/msys64/mingw64/include/webp -DLIBDEFLATE_DLL -IC:/msys64/mingw64/include/glib-2.0 -IC:/msys64/mingw64/lib/glib-2.0/include -IC:/msys64/mingw64/include/libxml2'
BLUEFISH_REQUIRED_LIBS='-lgtk-3 -latk-1.0 -lgdk-3 -lz -lgdi32 -limm32 -lshell32 -lole32 -luuid -lwinmm -ldwmapi -lsetupapi -lcfgmgr32 -lhid -lwinspool -lcomctl32 -lcomdlg32 -lpangowin32-1.0 -lpangocairo-1.0 -lcairo-gobject -lcairo -lgmodule-2.0 -lpango-1.0 -lharfbuzz -lgdk_pixbuf-2.0 -lgio-2.0 -lgobject-2.0 -lgthread-2.0 -lglib-2.0 -lintl -lxml2'
CC='gcc'
CCDEPMODE='depmode=gcc3'
CFLAGS='-g -O2 -Wall -pipe -Wno-deprecated-declarations -IC:/msys64/mingw64/include/python3.12 -IC:/msys64/mingw64/include/python3.12 -IC:/msys64/mingw64/include/gtk-3.0 -IC:/msys64/mingw64/include/atk-1.0 -IC:/msys64/mingw64/include/pango-1.0 -IC:/msys64/mingw64/include/harfbuzz -IC:/msys64/mingw64/include/cairo -IC:/msys64/mingw64/include/fribidi -IC:/msys64/mingw64/include/freetype2 -IC:/msys64/mingw64/include/pixman-1 -IC:/msys64/mingw64/include/gdk-pixbuf-2.0 -IC:/msys64/mingw64/include/libpng16 -IC:/msys64/mingw64/include/webp -DLIBDEFLATE_DLL -IC:/msys64/mingw64/include/glib-2.0 -IC:/msys64/mingw64/lib/glib-2.0/include -IC:/msys64/mingw64/include/libxml2 '
CHARMAP_PLUGIN_CFLAGS=''
CHARMAP_PLUGIN_LIBS=''
CPPFLAGS='-I/mingw64/include'
CSCOPE='cscope'
CTAGS='ctags'
CYGPATH_W='cygpath -w'
DEFS='-DHAVE_CONFIG_H'
DEPDIR='.deps'
DESKTOP_FILE_VALIDATE=''
DLLTOOL='dlltool'
DSYMUTIL=''
DUMPBIN=''
ECHO_C=''
ECHO_N='-n'
ECHO_T=''
EGREP='/usr/bin/grep -E'
ENABLE_CHARMAP_PLUGIN_FALSE=''
ENABLE_CHARMAP_PLUGIN_TRUE='#'
ENABLE_ZENCODING_PLUGIN_FALSE='#'
ENABLE_ZENCODING_PLUGIN_TRUE=''
ETAGS='etags'
EXEEXT='.exe'
FGREP='/usr/bin/grep -F'
FILECMD='file'
GDK_PIXBUF_CSOURCE='gdk-pixbuf-csource'
GETTEXT_MACRO_VERSION='0.20'
GETTEXT_PACKAGE='bluefish'
GMSGFMT='/mingw64/bin/msgfmt'
GMSGFMT_015='/mingw64/bin/msgfmt'
GREP='/usr/bin/grep'
HAVE_DESKTOP_FILE_VALIDATE_FALSE=''
HAVE_DESKTOP_FILE_VALIDATE_TRUE='#'
HAVE_JING_FALSE=''
HAVE_JING_TRUE='#'
HAVE_MAN_FALSE=''
HAVE_MAN_TRUE='#'
HAVE_UPDATE_DESKTOP_DATABASE_FALSE=''
HAVE_UPDATE_DESKTOP_DATABASE_TRUE='#'
HAVE_UPDATE_MIME_DATABASE_FALSE='#'
HAVE_UPDATE_MIME_DATABASE_TRUE=''
HAVE_XMLLINT_FALSE='#'
HAVE_XMLLINT_TRUE=''
INSTALL_DATA='${INSTALL} -m 644'
INSTALL_FDOAPPDATA_FALSE='#'
INSTALL_FDOAPPDATA_TRUE=''
INSTALL_FDOMENU_FALSE='#'
INSTALL_FDOMENU_TRUE=''
INSTALL_FDOMIME_FALSE='#'
INSTALL_FDOMIME_TRUE=''
INSTALL_ICONS_FALSE='#'
INSTALL_ICONS_TRUE=''
INSTALL_PROGRAM='${INSTALL}'
INSTALL_SCRIPT='${INSTALL}'
INSTALL_STRIP_PROGRAM='$(install_sh) -c -s'
INSTALL_THEMEICONS_FALSE='#'
INSTALL_THEMEICONS_TRUE=''
INTLLIBS='/mingw64/lib/libintl.dll.a -L/mingw64/lib'
INTL_MACOSX_LIBS=''
JING=''
JING_FLAGS=''
LD='C:/msys64/mingw64/x86_64-w64-mingw32/bin/ld.exe'
LDFLAGS='  -LC:/msys64/mingw64/lib -lpython3.12  -lversion -lshlwapi -lpathcch -lbcrypt -lm  '
LIBICONV='/mingw64/lib/libiconv.dll.a -L/mingw64/lib'
LIBINTL='/mingw64/lib/libintl.dll.a -L/mingw64/lib'
LIBOBJS=''
LIBS='-lws2_32  -lintl.dll -lgtk-3 -latk-1.0 -lgdk-3 -lz -lgdi32 -limm32 -lshell32 -lole32 -luuid -lwinmm -ldwmapi -lsetupapi -lcfgmgr32 -lhid -lwinspool -lcomctl32 -lcomdlg32 -lpangowin32-1.0 -lpangocairo-1.0 -lcairo-gobject -lcairo -lgmodule-2.0 -lpango-1.0 -lharfbuzz -lgdk_pixbuf-2.0 -lgio-2.0 -lgobject-2.0 -lgthread-2.0 -lglib-2.0 -lintl -lxml2 '
LIBTOOL='$(SHELL) $(top_builddir)/libtool'
LIPO=''
LN_S='cp -pR'
LTLIBICONV='-L/mingw64/lib -liconv -R/mingw64/lib'
LTLIBINTL='-L/mingw64/lib -lintl -R/mingw64/lib'
LTLIBOBJS=''
LT_SYS_LIBRARY_PATH=''
MAINT='#'
MAINTAINER_MODE_FALSE=''
MAINTAINER_MODE_TRUE='#'
MAKEINFO='${SHELL} '\''/c/Users/yang_/Desktop/Proyecto Calidad Software/bluefish-2.2.17-extended/missing'\'' makeinfo'
MAN=''
MANIFEST_TOOL=':'
MKDIR_P='/usr/bin/mkdir -p'
MSGFMT='/mingw64/bin/msgfmt'
MSGMERGE='/mingw64/bin/msgmerge'
MSGMERGE_FOR_MSGFMT_OPTION='--for-msgfmt'
NM='/mingw64/bin/nm -B'
NMEDIT=''
OBJDUMP='objdump'
OBJEXT='o'
OS_WIN32_FALSE='#'
OS_WIN32_TRUE=''
OTOOL64=''
OTOOL=''
PACKAGE='bluefish'
PACKAGE_BUGREPORT='https://sourceforge.net/p/bluefish/tickets/'
PACKAGE_NAME='bluefish'
PACKAGE_STRING='bluefish 2.2.17'
PACKAGE_TARNAME='bluefish'
PACKAGE_URL=''
PACKAGE_VERSION='2.2.17'
PATH_SEPARATOR=':'
PKG_CONFIG='/mingw64/bin/pkg-config'
PKG_CONFIG_LIBDIR=''
PKG_CONFIG_PATH='/mingw64/lib/pkgconfig:/mingw64/share/pkgconfig'
POSUB='po'
PYTHON='/mingw64/bin/python'
PYTHON_CONFIG='/mingw64/bin/python3.12-config'
PYTHON_EXEC_PREFIX='${exec_prefix}'
PYTHON_INCLUDE='-IC:/msys64/mingw64/include/python3.12 -IC:/msys64/mingw64/include/python3.12'
PYTHON_PLATFORM='win32'
PYTHON_PREFIX='${prefix}'
PYTHON_VERSION='3.12'
RANLIB='ranlib'
RC='windres'
REGISTER_XML_CATALOG_FALSE='#'
REGISTER_XML_CATALOG_TRUE=''
SED='/usr/bin/sed'
SET_MAKE=''
SHELL='/bin/sh'
SPLIT_VERSION='2,2,17'
STRIP='strip'
UPDATE_DESKTOP_DATABASE=''
UPDATE_MIME_DATABASE='/mingw64/bin/update-mime-database'
USE_NLS='yes'
VERSION='2.2.17'
WINDRES='windres'
XGETTEXT='/mingw64/bin/xgettext'
XGETTEXT_015='/mingw64/bin/xgettext'
XGETTEXT_EXTRA_OPTIONS=''
XMLCATALOG='/mingw64/bin/xmlcatalog'
XMLLINT='/mingw64/bin/xmllint'
XMLLINT_FLAGS=''
XML_CATALOG_FILE='${prefix}/etc/xml/catalog'
ac_ct_AR='ar'
ac_ct_CC='gcc'
ac_ct_DUMPBIN=''
am__EXEEXT_FALSE='#'
am__EXEEXT_TRUE=''
am__fastdepCC_FALSE='#'
am__fastdepCC_TRUE=''
am__include='include'
am__isrc=''
am__leading_dot='.'
am__nodep='_no'
am__quote=''
am__tar='$${TAR-tar} chof - "$$tardir"'
am__untar='$${TAR-tar} xf -'
bindir='${exec_prefix}/bin'
build='x86_64-w64-mingw32'
build_alias='x86_64-w64-mingw32'
build_cpu='x86_64'
build_os='mingw32'
build_vendor='w64'
datadir='${datarootdir}'
datarootdir='${prefix}/share'
docdir='${datarootdir}/doc/${PACKAGE_TARNAME}'
dvidir='${docdir}'
exec_prefix='/mingw64'
fdoappdatapath='${datarootdir}/metainfo'
fdomenupath='${datarootdir}/applications'
fdomimepath='${datarootdir}/mime'
host='x86_64-w64-mingw32'
host_alias=''
host_cpu='x86_64'
host_os='mingw32'
host_vendor='w64'
htmldir='${docdir}'
iconpath='${datarootdir}/pixmaps'
iconthemepath='${datarootdir}/icons/hicolor'
includedir='${prefix}/include'
infodir='${datarootdir}/info'
install_sh='${SHELL} '\''/c/Users/yang_/Desktop/Proyecto Calidad Software/bluefish-2.2.17-extended/install-sh'\'''
libdir='${exec_prefix}/lib'
libexecdir='${exec_prefix}/libexec'
localedir='${datarootdir}/locale'
localstatedir='${prefix}/var'
mandir='${datarootdir}/man'
mkdir_p='$(MKDIR_P)'
oldincludedir='/usr/include'
pdfdir='${docdir}'
pkgpyexecdir='${pyexecdir}/bluefish'
pkgpythondir='${pythondir}/bluefish'
prefix='/mingw64'
program_transform_name='s,x,x,'
psdir='${docdir}'
pyexecdir='${PYTHON_EXEC_PREFIX}/lib/python3.12/site-packages'
pythondir='${PYTHON_PREFIX}/lib/python3.12/site-packages'
runstatedir='${localstatedir}/run'
sbindir='${exec_prefix}/sbin'
sharedstatedir='${prefix}/com'
sysconfdir='${prefix}/etc'
target_alias=''

## ----------- ##
## confdefs.h. ##
## ----------- ##

/* confdefs.h */
#define PACKAGE_NAME "bluefish"
#define PACKAGE_TARNAME "bluefish"
#define PACKAGE_VERSION "2.2.17"
#define PACKAGE_STRING "bluefish 2.2.17"
#define PACKAGE_BUGREPORT "https://sourceforge.net/p/bluefish/tickets/"
#define PACKAGE_URL ""
#define CONFIGURE_OPTIONS "./configure  'PKG_CONFIG_PATH=/mingw64/lib/pkgconfig:/mingw64/share/pkgconfig'"
#define PACKAGE "bluefish"
#define VERSION "2.2.17"
#define GETTEXT_PACKAGE "bluefish"
#define HAVE_LINGUA_AR 1
#define HAVE_LINGUA_BG 1
#define HAVE_LINGUA_CA 1
#define HAVE_LINGUA_CS 1
#define HAVE_LINGUA_DA 1
#define HAVE_LINGUA_DE 1
#define HAVE_LINGUA_EL 1
#define HAVE_LINGUA_EN 1
#define HAVE_LINGUA_ES 1
#define HAVE_LINGUA_EU 1
#define HAVE_LINGUA_FA 1
#define HAVE_LINGUA_FI 1
#define HAVE_LINGUA_FR 1
#define HAVE_LINGUA_GL 1
#define HAVE_LINGUA_HU 1
#define HAVE_LINGUA_IT 1
#define HAVE_LINGUA_JA 1
#define HAVE_LINGUA_KO 1
#define HAVE_LINGUA_NB 1
#define HAVE_LINGUA_NL 1
#define HAVE_LINGUA_NN 1
#define HAVE_LINGUA_PL 1
#define HAVE_LINGUA_PT 1
#define HAVE_LINGUA_PT_BR 1
#define HAVE_LINGUA_RO 1
#define HAVE_LINGUA_RU 1
#define HAVE_LINGUA_SK 1
#define HAVE_LINGUA_SR 1
#define HAVE_LINGUA_SV 1
#define HAVE_LINGUA_TA 1
#define HAVE_LINGUA_TR 1
#define HAVE_LINGUA_UK 1
#define HAVE_LINGUA_ZH_CN 1
#define HAVE_LINGUA_ZH_TW 1
#define LINGUA_UPTODATE_CA 1
#define LINGUA_UPTODATE_CS 1
#define LINGUA_UPTODATE_DA 1
#define LINGUA_UPTODATE_DE 1
#define LINGUA_UPTODATE_EN 1
#define LINGUA_UPTODATE_ES 1
#define LINGUA_UPTODATE_EU 1
#define LINGUA_UPTODATE_FA 1
#define LINGUA_UPTODATE_FR 1
#define LINGUA_UPTODATE_GL 1
#define LINGUA_UPTODATE_HU 1
#define LINGUA_UPTODATE_IT 1
#define LINGUA_UPTODATE_JA 1
#define LINGUA_UPTODATE_KO 1
#define LINGUA_UPTODATE_NB 1
#define LINGUA_UPTODATE_NL 1
#define LINGUA_UPTODATE_NN 1
#define LINGUA_UPTODATE_PL 1
#define LINGUA_UPTODATE_PT 1
#define LINGUA_UPTODATE_PT_BR 1
#define LINGUA_UPTODATE_RU 1
#define LINGUA_UPTODATE_TR 1
#define LINGUA_UPTODATE_UK 1
#define LINGUA_UPTODATE_ZH_CN 1
#define HAVE_ICONV 1
#define ENABLE_NLS 1
#define HAVE_GETTEXT 1
#define HAVE_DCGETTEXT 1
#define HAVE_STDIO_H 1
#define HAVE_STDLIB_H 1
#define HAVE_STRING_H 1
#define HAVE_INTTYPES_H 1
#define HAVE_STDINT_H 1
#define HAVE_STRINGS_H 1
#define HAVE_SYS_STAT_H 1
#define HAVE_SYS_TYPES_H 1
#define HAVE_UNISTD_H 1
#define STDC_HEADERS 1
#define LT_OBJDIR ".libs/"
#define WIN32 1
#define HAVE_STDLIB_H 1
#define HAVE_UNISTD_H 1
#define HAVE_STRING_H 1
#define HAVE_STRINGS_H 1
#define HAVE_ERRNO_H 1
#define HAVE_STDIO_H 1
#define HAVE_SYS_STAT_H 1
#define HAVE_CTYPE_H 1
#define HAVE_GETOPT_H 1
#define HAVE_MATH_H 1
#define HAVE_TIME_H 1
#define HAVE_SYS_TYPES_H 1
#define HAVE_FCNTL_H 1
#define HAVE_DIRENT_H 1
#define HAVE_SYS_TIME_H 1
#define HAVE_CTIME 1
#define HAVE_ASCTIME 1
#define HAVE_LOCALTIME 1
#define HAVE_BIND 1
#define HAVE_SOCKET 1
#define HAVE_ACCEPT 1
#define HAVE_PYTHON 1
#define HAVE_PYTHON_VERSION "3.12"
#define WITH_SPC 1
#define SELECT_TYPE_ARG1 int
#define SELECT_TYPE_ARG234 (int *)
#define SELECT_TYPE_ARG5 (struct timeval *)

configure: exit 0
